Year,Lake,Env/Tag,Species,Notes,Spine,Otolith,Sarah Age (Spine),Sarah Age (Otolith),Foli Age (Spine),Foli Age (Otolith),Marty Age (Spine),Marty Age (Otolith),Jade Age (Spine),Jade Age (Otolith)
2018,Storm,1,COC,,Sectioned,Mounted,12,13,12,11,,,,
2018,Storm,2,COC,,Sectioned,Mounted,7,,3,5,,,,
2018,Storm,3,COC,,Sectioned,Sectioned,9,NA,7,NA,,,,
2018,Storm,4,COC,,Sectioned,Mounted,9,15,8,8,,,,
2018,Storm,5,COC,,Sectioned,Mounted,10,10,10,11,,,,
2018,Storm,6,COC,,Sectioned,Mounted,8,11,9,10,,,,
2018,Storm,7,COC,,Sectioned,Mounted,7,8,7,9,,,,
2018,Storm,8,COC,,Sectioned,Mounted,8,10,9,9,,,,
2018,Storm,9,COC,,Sectioned,Mounted,9,13,9,9,,,,
2018,Storm,10,COC,,Sectioned,Mounted,3,,3,4,,,,
2018,Storm,11,COC,,Sectioned,Mounted,12,20,12,9,,,,
2018,Storm,12,COC,,NA,Mounted,,15,,16,,,,
2018,Storm,13,COC,,Sectioned,Mounted,10,9,9,9,,,,
2018,Storm,14,COC,,Sectioned,Sectioned,9,NA,8,NA,,,,
2018,Storm,15,COC,,Sectioned,Sectioned,5,NA,4,NA,,,,
2018,Storm,16,COC,,Sectioned,Mounted,7,10,9,9,,,,
2018,Storm,17,COC,,Sectioned,Mounted,10,11,9,9,,,,
2018,Storm,18,COC,,NA,Sectioned,,,,,,,,
2018,Storm,19,COC,,Sectioned,Sectioned,8,NA,10,,,,,
2018,Storm,20,COC,,Sectioned,NA,5,NA,4,,,,,
2018,Storm,21,COC,,Sectioned,NA,7,NA,6,,,,,
2018,Storm,22,COC,,Sectioned,Mounted,6,5,5,4,,,,
2018,Storm,23,COC,,Sectioned,Mounted,7,10,6,10,,,,
2018,Storm,24,COC,,Sectioned,Mounted,7,12,9,10,,,,
2018,Storm,25,COC,,Sectioned,Sectioned,7,NA,10,,,,,
2018,Storm,26,COC,,Sectioned,Mounted,10,,8,5,,,,
2018,Storm,27,COC,,Sectioned,Sectioned,9,NA,7,,,,,
2018,Storm,28,COC,,Sectioned,Sectioned,15,NA,13,,,,,
2018,Storm,29,COC,,Sectioned,Sectioned,6,NA,6,,,,,
2018,Storm,30,COC,,Sectioned,Sectioned,7,NA,7,,,,,
2018,Storm,31,COC,,Sectioned,Mounted,8,9,7,7,,,,
2018,Storm,32,COC,,Sectioned,Mounted,13,40,8,9,,,,
2018,Storm,33,COC,,Sectioned,Mounted,7,,7,11,,,,
2018,Storm,34,COC,,Sectioned,Mounted,10,20,8,8,,,,
2018,Storm,35,COC,,Sectioned,Mounted,8,8,7,8,,,,
2018,Storm,36,COC,,Sectioned,Mounted,7,16,7,7,,,,
2018,Storm,37,COC,,Sectioned,Mounted,4,3,4,4,,,,
2018,Storm,38,COC,,Sectioned,Mounted,10,25,9,9,,,,
2018,Storm,39,COC,,Sectioned,Mounted,8,11,10,9,,,,
2018,Storm,40,COC,,Sectioned,Mounted,7,44,8,16,,,,
2018,Storm,41,COC,,Sectioned,Mounted,6,10,9,9,,,,
2018,Storm,42,COC,,Sectioned,Mounted,6,13,6,6,,,,
2018,Storm,43,COC,,Sectioned,Mounted,7,23,8,9,,,,
2018,Storm,44,COC,,Sectioned,Mounted,12,16,13,11,,,,
2018,Storm,45,COC,,Sectioned,Mounted,11,13,11,12,,,,
2018,Storm,46,COC,,Sectioned,Mounted,4,5,4,4,,,,
2018,Storm,47,COC,,Sectioned,Sectioned,8,NA,9,,,,,
2018,Storm,48,COC,,Sectioned,Sectioned,5,NA,5,,,,,
2018,Storm,49,COC,,Sectioned,Sectioned,7,NA,5,,,,,
2018,Storm,50,COC,,Sectioned,Sectioned,7,NA,6,,,,,
2018,Storm,51,COC,,Sectioned,Mounted,11,13,9,10,,,,
2018,Storm,52,COC,,Sectioned,Mounted,6,31,6,12,,,,
2018,Storm,53,COC,,Sectioned,Sectioned,12,NA,12,,,,,
2018,Storm,54,COC,,Sectioned,Mounted,5,7,4,4,,,,
2018,Storm,55,COC,,Sectioned,Sectioned,3,NA,4,,,,,
2018,Storm,56,COC,,Sectioned,Mounted,7,10,7,7,,,,
2018,Storm,57,COC,,Sectioned,Mounted,5,,7,6,,,,
2018,Storm,58,COC,,Sectioned,Mounted,7,16,7,11,,,,
2018,Storm,59,COC,,Sectioned,Mounted,5,7,4,6,,,,
2018,Storm,60,COC,,Sectioned,Mounted,10,11,7,8,,,,
2018,Storm,61,COC,,Sectioned,Sectioned,9,NA,9,,,,,
2018,Storm,62,COC,,Sectioned,Mounted,7,29,11,14,,,,
2018,Storm,63,COC,,Sectioned,Sectioned,11,NA,12,,,,,
2018,Storm,64,COC,,Sectioned,Mounted,8,30,14,18,,,,
2018,Storm,65,COC,,Sectioned,Mounted,7,15,9,14,,,,
2018,Storm,66,COC,,Sectioned,Sectioned,8,NA,13,,,,,
2018,Storm,67,COC,,Sectioned,Sectioned,4,NA,4,,,,,
2018,Storm,68,COC,,Sectioned,Mounted,10,15,10,15,,,,
2018,Storm,69,COC,,Sectioned,Mounted,5,16,4,15,,,,
2018,Storm,70,COC,,Sectioned,Mounted,7,26,5,6,,,,
2018,Storm,71,COC,,Sectioned,Mounted,6,,6,,,,,
2018,Storm,72,COC,,Sectioned,Mounted,8,13,8,12,,,,
2018,Storm,73,COC,,Sectioned,Mounted,9,,7,,,,,
2018,Storm,74,COC,,Sectioned,Mounted,6,11,6,9,,,,
2018,Storm,75,COC,,Sectioned,Mounted,4,5,4,3,,,,
2018,Storm,76,COC,,Sectioned,Mounted,10,13,9,15,,,,
2018,Storm,77,COC,,Sectioned,Mounted,9,11,11,10,,,,
2018,Storm,78,COC,,Sectioned,Mounted,10,12,11,10,,,,
2018,Storm,79,COC,,Sectioned,Mounted,8,8,9,8,,,,
2018,Storm,80,COC,,Sectioned,Mounted,8,18,6,14,,,,
2018,Storm,81,COC,,Sectioned,mounted,7,20,7,8,,,,
2018,Storm,82,COC,,Sectioned,Sectioned,5,NA,4,,,,,
2018,Storm,83,COC,,Sectioned,mounted,5,11,6,10,,,,
2018,Storm,84,COC,,Sectioned,Sectioned,6,,5,,,,,
2018,Storm,85,COC,,Sectioned,mounted,3,,3,7,,,,
2018,Storm,86,COC,,Sectioned,mounted,6,,6,6,,,,
2018,Storm,87,COC,,Sectioned,Sectioned,5,,4,,,,,
2018,Storm,88,COC,,Sectioned,mounted,8,,9,8,,,,
2018,Storm,89,COC,,Sectioned,Sectioned,5,,3,,,,,
2018,Storm,90,COC,,Sectioned,mounted,7,,5,8,,,,
2018,Storm,91,COC,,Sectioned,mounted,12,,11,9,,,,
2018,Storm,92,COC,,Sectioned,mounted,6,,4,5,,,,
2018,Storm,93,COC,,Sectioned,Sectioned,6,,5,,,,,
2018,Storm,94,COC,,Sectioned,Sectioned,6,,6,,,,,
2018,Storm,95,COC,,Sectioned,mounted,5,,4,3,,,,
2018,Storm,96,COC,,Sectioned,mounted,9,,8,8,,,,
2018,Storm,97,COC,,Sectioned,Sectioned,9,,9,,,,,
2018,Storm,98,COC,,Sectioned,mounted,7,,8,8,,,,
2018,Storm,99,COC,,Sectioned,Sectioned,8,,7,,,,,
2018,Storm,100,COC,,Sectioned,Sectioned,7,,7,,,,,
2018,Storm,101,COC,,Sectioned,Sectioned,5,,5,4,,,5,
2018,Storm,102,COC,,Sectioned,Sectioned,3,,3,3,,,3,
2018,Storm,103,COC,,Sectioned,Sectioned,7,,5,,,,7,
2018,Storm,104,COC,,Sectioned,Sectioned,8,,6,7,,,8,
2018,Storm,105,COC,,Sectioned,Sectioned,2,,2,,,,2,
2018,Storm,106,COC,,Sectioned,Sectioned,7,,5,8,,,5,
2018,Storm,107,COC,,Sectioned,Sectioned,15,,11,,,,16,
2018,Storm,108,COC,,Sectioned,Sectioned,5,,6,,,,6,
2018,Storm,109,BIB,,Sectioned,Sectioned,4,,4,3,,,5,
2018,Storm,110,BIB,,Sectioned,Sectioned,4,,4,,,,3,
2018,Storm,111,BIB,,Sectioned,Sectioned,4,,4,,,,4,
2018,Storm,112,BIB,,Sectioned,Sectioned,4,,3,2,,,4,
2018,Storm,113,BIB,,Sectioned,Sectioned,4,,4,5,,,3,
2018,Storm,114,COC,,Sectioned,Sectioned,8,,7,5,,,7,
2018,Storm,115,COC,,Sectioned,Sectioned,8,,5,,,,6,
2018,Storm,116,COC,,Sectioned,Sectioned,8,,7,,,,7,
2018,Storm,117,COC,,Sectioned,Sectioned,6,,6,4,,,6,
2018,Storm,118,COC,,Sectioned,Sectioned,7,,7,6,,,9,
2018,Storm,119,COC,,Sectioned,Sectioned,5,,4,2,,,3,
2018,Storm,120,COC,,Sectioned,Sectioned,9,,8,7,,,9,
2018,Storm,121,COC,,Sectioned,Sectioned,11,,8,6,,,11,
2018,Storm,122,COC,,Sectioned,Sectioned,7,,8,,,,7,
2018,Storm,123,COC,,Sectioned,Sectioned,9,,8,,,,8,
2018,Storm,124,COC,,Sectioned,Sectioned,10,,10,6,,,10,
2018,Storm,125,COC,,Sectioned,Sectioned,9,,8,8,,,8,
2018,Storm,126,COC,,Sectioned,no otolith,9,,7,,,,8,
2018,Storm,127,COC,,Sectioned,Sectioned,8,,8,10,,,10,
2018,Storm,128,COC,,Sectioned,no otolith,11,,10,,,,10,
2018,Storm,129,COC,,Sectioned,no otolith,7,,8,,,,6,
2018,Storm,130,COC,,Sectioned,Sectioned,8,,6,7,,,7,
2018,Storm,131,COC,,Sectioned,Sectioned,10,,8,5,,,10,
2018,Storm,132,COC,,Sectioned,Sectioned,7,,7,,,,5,
2018,Silver,1,BIB,,Sectioned,NA,5,,4,,,,3,
2018,Silver,2,BIB,,Sectioned,NA,6,,6,,,,6,
2018,Silver,3,BIB,,Sectioned,Sectioned,9,,7,,,,6,
2018,Silver,4,BIB,,Sectioned,mounted,6,,6,,,,9,
2018,Silver,5,BIB,,Sectioned,NA,3,,2,,,,2,
2018,Silver,6,BIB,,Sectioned,NA,5,,3,,,,3,
2018,Silver,7,BIB,,Sectioned,mounted,5,,5,,,,4,
2018,Silver,8,BIB,,Sectioned,NA,7,,5,,,,7,
2018,Silver,9,BIB,,Sectioned,Sectioned,6,,6,,,,6,
2018,Silver,10,COC,,Sectioned,NA,10,,8,,,,11,
2018,Silver,11,COC,,Sectioned,NA,7,,8,,,,7,
2018,Silver,12,BIB,,Sectioned,mounted,5,,4,,,,4,
2018,Silver,13,BIB,,Sectioned,Sectioned,4,,4,,,,4,
2018,Silver,14,BIB,,Sectioned,Sectioned,9,,10,,,,9,
2018,Silver,15,BIB,,Sectioned,Sectioned,7,,7,,,,7,
2018,Silver,16,BIB,,Sectioned,NA,3,,3,,,,4,
2018,Silver,17,BIB,,Sectioned,NA,,,2,,,,,
2018,Silver,18,BIB,,Sectioned,Sectioned,5,,3,,,,3,
2018,Silver,19,BIB,,Sectioned,Sectioned,5,,4,,,,4,
2018,Silver,20,BIB,,Sectioned,mounted,,,,,,,,
2018,Silver,21,BIB,,Sectioned,mounted,4,,3,,,,3,
2018,Silver,22,BIB,,Sectioned,NA,3,,2,,,,3,
2018,Silver,23,BIB,,Sectioned,mounted,4,,3,,,,4,
2018,Silver,24,BIB,,Sectioned,mounted,,,,,,,4,
2018,Silver,25,BIB,,Sectioned,Sectioned,4,,3,,,,5,
2018,Silver,26,BIB,,Sectioned,mounted,7,,6,,,,5,
2018,Silver,27,BIB,,Sectioned,Sectioned,4,,5,,,,4,
2018,Silver,28,BIB,,Sectioned,Sectioned,5,,4,,,,6,
2018,Silver,29,BIB,,Sectioned,Sectioned,7,,5,,,,6,
2018,Silver,30,BIB,,Sectioned,Sectioned,,,,,,,,
2018,Silver,31,BIB,,Sectioned,mounted,,,,,,,,
2018,Silver,32,BIB,,Sectioned,mounted,,,,,,,,
2018,Silver,33,BIB,,Sectioned,mounted,,,,,,,,
2018,Silver,34,BIB,,Sectioned,mounted,4,,3,,,,3,
2018,Silver,35,BIB,,Sectioned,mounted,3,,2,,,,,
2018,Silver,36,BIB,,Sectioned,mounted,6,,5,,,,4,
2018,Silver,37,BIB,,Sectioned,mounted,,,,,,,,
2018,Silver,38,BIB,,Sectioned,mounted,,,,,,,,
2018,Silver,39,BIB,,Sectioned,mounted,2,,2,,,,2,
2018,Silver,40,BIB,,Sectioned,mounted,,,,,,,,
2018,Silver,41,BIB,,Sectioned,mounted,,,,,,,,
2018,Silver,42,BIB,,Sectioned,mounted,,,,,,,2,
2018,Silver,43,BIB,,Sectioned,mounted,4,,4,,,,3,
2018,Silver,44,BIB,,Sectioned,mounted,,,3,,,,3,
2018,Silver,45,BIB,,Sectioned,mounted,,,,,,,,
2018,Silver,46,BIB,,Sectioned,mounted,,,NA,,,,NA,
2018,Silver,47,BIB,,Sectioned,Sectioned,5,,2,,,,2,
2018,Silver,48,BIB,,Sectioned,Sectioned,4,,4,,,,3,
2018,Silver,49,BIB,,Sectioned,Sectioned,,,3,,,,,
2018,Silver,50,BIB,,Sectioned,Sectioned,,,4,,,,2,
2018,Silver,51,BIB,,Sectioned,mounted,4,,5,,,,6,
2018,Silver,52,BIB,,Sectioned,mounted,5,,5,,,,6,
2018,Silver,53,BIB,,Sectioned,Sectioned,6,,8,,,,9,
2018,Silver,54,BIB,,Sectioned,mounted,3,,3,,,,3,
2018,Silver,55,BIB,,Sectioned,Sectioned,3,,4,,,,4,
2018,Silver,56,BIB,,Sectioned,mounted,,,,,,,,
2018,Silver,57,BIB,,Sectioned,mounted,4,,9,,,,8,
2018,Silver,58,BIB,,Sectioned,mounted,,,3,,,,4,
2018,Silver,59,BIB,,Sectioned,mounted,3,,3,,,,3,
2018,Silver,60,BIB,,,NA,,,NA,,,,NA,
2018,Silver,61,BIB,,Sectioned,Sectioned,6,,7,,,,4,
2018,Silver,62,BIB,,Sectioned,Sectioned,,,,,,,2,
2018,Silver,63,BIB,,Sectioned,Sectioned,3,,2,,,,3,
2018,Silver,64,BIB,,Sectioned,Sectioned,,,3,,,,3,
2018,Silver,65,BIB,,Sectioned,Sectioned,3,,3,,,,2,
2018,Silver,66,BIB,,Sectioned,Sectioned,6,,9,,,,13,
2018,Silver,67,BIB,,Sectioned,Sectioned,,,4,,,,4,
2018,Silver,68,BIB,,Sectioned,Sectioned,,,5,,,,6,
2018,Silver,69,BIB,,Sectioned,NA,6,,5,,,,5,
2018,Silver,70,BIB,,Sectioned,mounted,4,,5,,,,6,
2018,Silver,71,COC,,Sectioned,mounted,5,,7,,,,6,
2018,Silver,72,BIB,,Sectioned,Sectioned,,,2,,,,3,
2018,Silver,73,COC,,Sectioned,mounted,5,,5,,,,5,
2018,Silver,74,COC,,Sectioned,mounted,6,,13,,,,10,
2018,Silver,75,COC,,,mounted,5,,NA,,,,NA,
2018,Silver,76,COC,,Sectioned,mounted,7,,6,,,,6,
2018,Silver,77,COC,,Sectioned,NA,3,,8,,,,7,
2018,Silver,78,BIB,,Sectioned,Sectioned,3,,6,,,,4,
2018,Silver,79,BIB,,Sectioned,Sectioned,3,,5,,,,2,
2018,Silver,80,BIB,,Sectioned,Sectioned,4,,6,,,,5,
2018,Silver,81,BIB,,Sectioned,Sectioned,3,,4,,,,3,
2018,Silver,82,BIB,,Sectioned,Sectioned,3,,3,,,,3,
2018,Silver,83,BIB,,Sectioned,Sectioned,,,3,,,,3,
2018,Silver,84,BIB,,Sectioned,Sectioned,3,,3,,,,3,
2018,Silver,85,BIB,,Sectioned,Sectioned,4,,6,,,,7,
2018,Silver,86,BIB,,Sectioned,NA,8,,9,,,,8,
2018,Silver,87,BIB,,Sectioned,Sectioned,3,,5,,,,5,
2018,Silver,88,BIB,,Sectioned,Sectioned,5,,4,,,,4,
2018,Silver,89,BIB,,Sectioned,Sectioned,5,,5,,,,5,
2018,Silver,90,BIB,,Sectioned,mounted,7,,8,,,,10,
2018,Silver,91,BIB,,Sectioned,mounted,,,7,,,,8,
2018,Silver,92,BIB,,Sectioned,Sectioned,4,,3,,,,4,
2018,Silver,93,BIB,,Sectioned,Sectioned,3,,3,,,,3,
2018,Silver,94,BIB,,Sectioned,Sectioned,6,,5,,,,8,
2018,Silver,95,BIB,,Sectioned,mounted,5,,5,,,,4,
2018,Silver,96,BIB,,Sectioned,NA,4,,,,,,2,
2018,Silver,97,BIB,,Sectioned,Sectioned,8,,10,,,,7,
2018,Silver,98,BIB,,Sectioned,Sectioned,4,,5,,,,3,
2018,Silver,99,BIB,,Sectioned,Sectioned,7,,9,,,,6,
2018,Silver,100,BIB,,Sectioned,Sectioned,5,,4,,,,4,
2018,Silver,101,BIB,,Sectioned,Sectioned,3,,3,,,,2,
2018,Silver,102,BIB,,Sectioned,mounted,6,,5,,,,5,
2018,Silver,103,BIB,,Sectioned,Sectioned,3,,4,,,,3,
2018,Silver,104,BIB,,Sectioned,NA,7,,3,,,,3,
2018,Silver,105,BIB,,Sectioned,Sectioned,,,3,,,,4,
2018,Silver,106,BIB,,Sectioned,Sectioned,6,,5,,,,5,
2018,Silver,107,BIB,,Sectioned,Sectioned,,,4,,,,5,
2018,Silver,108,BIB,,Sectioned,NA,,,,,,,,
2018,Silver,109,BIB,,,mounted,NA,,NA,,,,NA,
2018,Silver,110,COC,,Sectioned,Sectioned,7,,6,,,,3,
2018,Silver,111,COC,,Sectioned,mounted,5,,6,,,,5,
2018,Silver,112,COC,,Sectioned,mounted,10,,9,,,,8,
2018,Silver,113,COC,,Sectioned,mounted,6,,7,,,,6,
2018,Silver,114,COC,,Sectioned,mounted,8,,9,,,,7,
2018,Silver,115,COC,,Sectioned,mounted,7,,6,,,,7,
2018,Silver,116,COC,,,mounted,NA,,NA,,,,NA,
2018,Silver,117,COC,,Sectioned,NA,6,,6,,,,5,
2018,Silver,118,BIB,,Sectioned,Sectioned,6,,5,,,,4,
2018,Silver,119,COC,,Sectioned,mounted,8,,7,,,,6,
2018,Silver,120,COC,,Sectioned,mounted,5,,5,,,,3,
2018,Silver,121,BIB,,Sectioned,Sectioned,4,,5,,,,6,
2018,Silver,122,BIB,,Sectioned,Sectioned,6,,7,,,,5,
2018,Silver,123,BIB,,Sectioned,Sectioned,5,,7,,,,4,
2018,Silver,124,COC,,Sectioned,Sectioned,5,,6,,,,6,
2018,Silver,125,COC,,Sectioned,mounted,NA,,NA,,,,NA,
2018,Silver,126,COC,,Sectioned,mounted,9,,9,,,,7,
2018,Silver,127,COC,,Sectioned,mounted,10,,10,,,,10,
2018,Silver,128,COC,,Sectioned,Sectioned,10,,8,,,,9,
2018,Silver,129,COC,,Sectioned,Sectioned,9,,7,,,,8,
2018,Silver,130,COC,,Sectioned,Sectioned,10,,8,,,,9,
2018,Silver,131,COC,,Sectioned,Sectioned,7,,6,,,,5,
2018,Silver,132,COC,,Sectioned,Sectioned,6,,5,,,,6,
2018,Silver,133,COC,,Sectioned,Sectioned,6,,6,,,,4,
2018,Silver,134,COC,,Sectioned,Sectioned,8,,7,,,,8,
2018,Silver,135,COC,,Sectioned,Sectioned,6,,6,,,,5,
2018,Silver,136,BIB,,Sectioned,Sectioned,6,,4,,,,4,
2018,Silver,137,BIB,,Sectioned,Sectioned,3,,3,,,,3,
2018,Silver,138,BIB,,Sectioned,Sectioned,4,,3,,,,3,
2018,Silver,139,BIB,,Sectioned,Sectioned,3,,3,,,,2,
2018,Silver,140,BIB,,Sectioned,Sectioned,7,,7,,,,8,
2018,Silver,141,BIB,,Sectioned,Sectioned,3,,4,,,,3,
2018,Silver,142,BIB,,Sectioned,Sectioned,6,,6,,,,7,
2018,Silver,143,COC,,Sectioned,mounted,4,,5,,,,3,
2018,Silver,144,COC,,Sectioned,mounted,6,,5,,,,4,
2018,Silver,145,COC,,Sectioned,mounted,8,,9,,,,7,
2018,Silver,146,COC,,Sectioned,Sectioned,5,,15,,,,5,
2018,Silver,147,COC,,Sectioned,Sectioned,7,,8,,,,8,
2018,Silver,148,COC,,Sectioned,Sectioned,12,,7,,,,8,
2018,Silver,149,COC,,Sectioned,NA,4,,3,,,,3,
2018,Silver,150,COC,,Sectioned,Sectioned,8,,7,,,,8,
2018,Silver,151,COC,,Sectioned,Sectioned,10,,9,,,,9,
2018,Silver,152,COC,,Sectioned,mounted,5,,6,,,,5,
2018,Silver,153,COC,,Sectioned,Sectioned,8,,9,,,,7,
2018,Silver,154,COC,,Sectioned,Sectioned,8,,9,,,,9,
2018,Silver,155,COC,,Sectioned,Sectioned,5,,5,,,,4,
2018,Silver,156,COC,,Sectioned,Sectioned,8,,7,,,,7,
2018,Silver,157,COC,,Sectioned,Sectioned,6,,5,,,,6,
2018,Silver,158,COC,,Sectioned,Sectioned,6,,6,,,,6,
2018,Silver,159,COC,,Sectioned,mounted,5,,4,,,,4,
2018,Silver,160,COC,,Sectioned,Sectioned,10,,6,,,,9,
2018,Silver,161,COC,,Sectioned,Sectioned,11,,11,,,,8,
2018,Silver,162,COC,,Sectioned,mounted,12,,11,,,,10,
2018,Silver,163,COC,,Sectioned,mounted,4,,3,,,,3,
2018,Silver,164,COC,,Sectioned,mounted,5,,5,,,,4,
2018,Silver,165,COC,,Sectioned,mounted,8,,8,,,,7,
2018,Silver,166,COC,,Sectioned,mounted,10,,9,,,,15,
2018,Silver,167,COC,,Sectioned,mounted,5,,5,,,,5,
2018,Silver,168,COC,,Sectioned,mounted,6,,5,,,,5,
2018,Silver,169,COC,,Sectioned,mounted,6,,5,,,,5,
2018,Silver,170,COC,,Sectioned,mounted,5,,4,,,,6,
2018,Silver,171,COC,,Sectioned,mounted,9,,10,,,,7,
2018,Silver,172,COC,,Sectioned,mounted,6,,4,,,,5,
2018,Silver,173,COC,,Sectioned,mounted,5,,5,,,,5,
2018,Silver,174,COC,,Sectioned,mounted,3,,3,,,,2,
2018,Silver,175,COC,,Sectioned,mounted,5,,5,,,,6,
2018,Silver,176,COC,,Sectioned,mounted,7,,7,,,,6,
2018,Silver,177,COC,,Sectioned,mounted,,,2,,,,2,
2018,Silver,178,COC,,Sectioned,mounted,4,,3,,,,4,
2018,Silver,179,COC,,Sectioned,mounted,11,,10,,,,6,
2018,Silver,180,COC,,Sectioned,mounted,7,,6,,,,8,
2018,Silver,181,COC,,Sectioned,mounted,4,,4,,,,3,
2018,Silver,182,COC,,Sectioned,mounted,6,,4,,,,5,
2018,Silver,183,COC,,Sectioned,mounted,9,,6,,,,5,
2018,Silver,184,COC,,Sectioned,mounted,7,,6,,,,6,
2018,Silver,185,COC,,Sectioned,mounted,8,,8,,,,6,
2018,Silver,186,COC,,Sectioned,mounted,6,,5,,,,5,
2018,Silver,187,COC,,Sectioned,mounted,6,,4,,,,6,
2018,Silver,188,COC,,Sectioned,mounted,4,,3,,,,4,
2018,Silver,189,COC,,Sectioned,mounted,3,,2,,,,3,
2018,Silver,190,COC,,Sectioned,mounted,8,,6,,,,8,
2018,Silver,191,COC,,Sectioned,mounted,8,,10,,,,6,
2018,Silver,192,COC,,Sectioned,mounted,9,,8,,,,7,
2018,Silver,193,COC,,Sectioned,mounted,6,,5,,,,5,
2018,Silver,194,COC,,Sectioned,mounted,8,,6,,,,7,
2018,Silver,195,COC,,Sectioned,mounted,9,,9,,,,7,
2018,Silver,196,COC,,Sectioned,mounted,7,,6,,,,5,
2018,Silver,197,COC,,Sectioned,mounted,6,,6,,,,6,
2018,Silver,198,COC,,Sectioned,mounted,8,,9,,,,7,
2018,Silver,199,COC,,Sectioned,mounted,6,,5,,,,6,
2018,Silver,200,COC,,Sectioned,mounted,7,,6,,,,8,
2018,Silver,201,COC,,Sectioned,mounted,7,,9,,,,8,
2018,Silver,202,COC,,Sectioned,mounted,10,,8,,,,,
2018,Silver,203,COC,,Sectioned,mounted,5,,5,,,,,
2018,Silver,204,COC,,Sectioned,mounted,5,,5,,,,,
2018,Silver,205,COC,,Sectioned,mounted,11,,4,,,,,
2018,Silver,206,COC,,Sectioned,mounted,5,,3,,,,,
2018,Silver,207,COC,,Sectioned,mounted,7,,5,,,,,
2018,Silver,19793,BIB,,Sectioned,,8,,9,,,,,
2018,Center,1,BIB,,Sectioned,mounted,6,,5,,,,,
2018,Center,2,BIB,,Sectioned,mounted,6,,2,,,,,
2018,Center,3,BIB,,Sectioned,Sectioned,3,,7,,,,,
2018,Center,4,BIB,,Sectioned,mounted,7,,5,,,,,
2018,Center,5,BIB,,Sectioned,Sectioned,7,,3,,,,,
2018,Center,6,BIB,,Sectioned,mounted,3,,7,,,,,
2018,Center,7,BIB,,Sectioned,mounted,4,,4,,,,,
2018,Center,8,BIB,,Sectioned,NA,5,,3,,,,,
2018,Center,9,BIB,,Sectioned,mounted,5,,5,,,,,
2018,Center,10,BIB,,Sectioned,mounted,7,,6,,,,,
2018,Center,11,BIB,,Sectioned,Sectioned,4,,4,,,,,
2018,Center,12,BIB,,Sectioned,mounted,4,,3,,,,,
2018,Center,13,BIB,,Sectioned,mounted,7,,4,,,,,
2018,Center,14,BIB,,Sectioned,mounted,5,,4,,,,,
2018,Center,15,BIB,,Sectioned,mounted,5,,5,,,,,
2018,Center,16,BIB,,Sectioned,mounted,3,,2,,,,,
2018,Center,17,BIB,,Sectioned,NA,5,,4,,,,,
2018,Center,18,BIB,,Sectioned,mounted,NA,,NA,,,,,
2018,Center,19,BIB,,Sectioned,Sectioned,5,,5,,,,,
2018,Center,20,BIB,,Sectioned,mounted,,,2,,,,,
2018,Center,21,BIB,,Sectioned,mounted,5,,4,,,,,
2018,Center,22,BIB,,Sectioned,mounted,4,,4,,,,,
2018,Center,23,BIB,,Sectioned,Sectioned,6,,5,,,,,
2018,Center,24,BIB,,Sectioned,mounted,5,,3,,,,,
2018,Center,25,BIB,,Sectioned,mounted,4,,4,,,,,
2018,Center,26,BIB,,Sectioned,mounted,4,,3,,,,,
2018,Center,27,BIB,,Sectioned,mounted,4,,3,,,,,
2018,Center,28,BIB,,Sectioned,mounted,4,,3,,,,,
2018,Center,29,BIB,,Sectioned,mounted,6,,5,,,,,
2018,Center,30,BIB,,Sectioned,mounted,4,,3,,,,,
2018,Center,31,BIB,,Sectioned,mounted,7,,6,,,,,
2018,Center,32,BIB,,Sectioned,mounted,NA,,NA,,,,,
2018,Center,33,BIB,,Sectioned,mounted,5,,5,,,,,
2018,Center,34,BIB,,Sectioned,mounted,4,,3,,,,,
2018,Center,35,BIB,,Sectioned,mounted,5,,4,,,,,
2018,Center,36,BIB,,Sectioned,Sectioned,7,,4,,,,,
2018,Center,37,BIB,,Sectioned,NA,5,,5,,,,,
2018,Center,38,BIB,,Sectioned,mounted,2,,2,,,,,
2018,Center,39,BIB,,Sectioned,Sectioned,5,,4,,,,,
2018,Center,40,BIB,,Sectioned,NA,5,,5,,,,,
2018,Center,41,BIB,,Sectioned,mounted,4,,3,,,,,
2018,Center,42,BIB,,Sectioned,mounted,5,,5,,,,,
2018,Center,43,BIB,,Sectioned,mounted,4,,3,,,,,
2018,Center,44,BIB,,Sectioned,Sectioned,3,,3,,,,,
2018,Center,45,BIB,,Sectioned,Sectioned,NA,,NA,,,,,
2018,Center,46,BIB,,Sectioned,mounted,6,,5,,,,,
2018,Center,47,BIB,,Sectioned,mounted,5,,5,,,,,
2018,Center,48,BIB,,Sectioned,mounted,7,,7,,,,,
2018,Center,49,BIB,,Sectioned,mounted,4,,4,,,,,
2018,Center,50,BIB,,Sectioned,mounted,3,,3,,,,,
2018,Center,51,BIB,,Sectioned,Sectioned,NA,,NA,,,,,
2018,Center,52,BIB,,Sectioned,Sectioned,6,,5,,,,,
2018,Center,53,BIB,,Sectioned,mounted,5,,5,,,,,
2018,Center,54,BIB,,Sectioned,mounted,4,,4,,,,,
2018,Center,55,BIB,,Sectioned,mounted,5,,4,,,,,
2018,Center,56,BIB,,Sectioned,mounted,4,,4,,,,,
2018,Center,57,BIB,,Sectioned,mounted,NA,,NA,,,,,
2018,Center,58,BIB,,Sectioned,Sectioned,6,,7,,,,,
2018,Center,59,BIB,,Sectioned,Sectioned,4,,3,,,,,
2018,Center,60,BIB,,Sectioned,mounted,10,,8,,,,,
2018,Center,61,BIB,,Sectioned,Sectioned,,,,,,,,
2018,Center,62,BIB,,Sectioned,Sectioned,8,,7,,,,,
2018,Center,63,BIB,,Sectioned,Sectioned,7,,6,,,,,
2018,Center,64,BIB,,Sectioned,Sectioned,4,,5,,,,,
2018,Center,65,BIB,,Sectioned,mounted,,,3,,,,,
2018,Center,66,BIB,,Sectioned,Sectioned,3,,3,,,,,
2018,Center,67,BIB,,Sectioned,mounted,,,,,,,,
2018,Center,68,BIB,,Sectioned,mounted,8,,7,,,,,
2018,Center,69,BIB,,Sectioned,mounted,6,,7,,,,,
2018,Center,70,BIB,,Sectioned,mounted,6,,5,,,,,
2018,Center,71,BIB,,Sectioned,Sectioned,8,,7,,,,,
2018,Center,72,BIB,,Sectioned,Sectioned,8,,8,,,,,
2018,Center,73,BIB,,Sectioned,Sectioned,5,,6,,,,,
2018,Center,74,BIB,,Sectioned,Sectioned,11,,12,,,,,
2018,Center,75,BIB,,Sectioned,Sectioned,7,,9,,,,,
2018,Center,76,BIB,,Sectioned,mounted,NA,,NA,,,,,
2018,Center,77,BIB,,Sectioned,mounted,6,,5,,,,,
2018,Center,78,BIB,,Sectioned,mounted,,,5,,,,,
2018,Center,79,BIB,,Sectioned,Sectioned,,,5,,,,,
2018,Center,80,BIB,,Sectioned,Sectioned,,,3,,,,,
2018,Center,81,BIB,,Sectioned,mounted,,,3,,,,,
2018,Center,82,BIB,,Sectioned,mounted,,,3,,,,,
2018,Center,83,BIB,,Sectioned,Sectioned,,,6,,,,,
2018,Center,84,BIB,,Sectioned,NA,,,4,,,,,
2018,Center,85,BIB,,Sectioned,mounted,,,13,,,,,
2018,Center,86,BIB,,Sectioned,mounted,,,6,,,,,
2018,Center,87,BIB,,Sectioned,mounted,,,5,,,,,
2018,Center,88,BIB,,Sectioned,mounted,,,4,,,,,
2018,Center,89,BIB,,Sectioned,Sectioned,,,8,,,,,
2018,Center,90,BIB,,Sectioned,mounted,,,4,,,,,
2018,Center,91,BIB,,Sectioned,mounted,,,2,,,,,
2018,Center,92,BIB,,Sectioned,mounted,,,8,,,,,
2018,Center,93,BIB,,Sectioned,mounted,,,3,,,,,
2018,Center,94,BIB,,Sectioned,mounted,,,2,,,,,
2018,Center,95,BIB,,Sectioned,mounted,,,4,,,,,
2018,Center,96,BIB,,Sectioned,Sectioned,,,3,,,,,
2018,Center,97,BIB,,Sectioned,mounted,,,3,,,,,
2018,Center,98,BIB,,Sectioned,mounted,,,2,,,,,
2018,Center,99,BIB,,Sectioned,mounted,,,4,,,,,
2018,Center,100,BIB,,Sectioned,mounted,,,3,,,,,
2018,Center,101,BIB,,Sectioned,Sectioned,,,,,,,,
2018,Center,102,BIB,,Sectioned,mounted,,,,,,,,
2018,Center,103,BIB,,Sectioned,mounted,,,3,,,,,
2018,Center,104,BIB,,Sectioned,mounted,,,4,,,,,
2018,Center,105,BIB,,Sectioned,mounted,,,,,,,,
2018,Center,106,BIB,,Sectioned,NA,,,3,,,,,
2018,Center,107,BIB,,Sectioned,mounted,,,1,,,,,
2018,Center,108,BIB,,Sectioned,mounted,,,,,,,,
2018,Center,109,BIB,,Sectioned,mounted,,,4,,,,,
2018,Center,110,BIB,,Sectioned,Sectioned,,,4,,,,,
2018,Center,111,BIB,,Sectioned,mounted,,,2,,,,,
2018,Center,112,BIB,,Sectioned,mounted,,,,,,,,
2018,Center,113,BIB,,Sectioned,Sectioned,,,2,,,,,
2018,Center,114,BIB,,Sectioned,mounted,,,,,,,,
2018,Center,115,BIB,,Sectioned,mounted,,,3,,,,,
2018,Center,116,BIB,,Sectioned,mounted,,,,,,,,
2018,Center,117,BIB,,Sectioned,mounted,,,NA,,,,,
2018,Center,118,BIB,,Sectioned,mounted,,,3,,,,,
2018,Center,119,BIB,,Sectioned,mounted,,,3,,,,,
2018,Center,120,BIB,,Sectioned,mounted,,,4,,,,,
2018,Center,121,BIB,,Sectioned,NA,,,4,,,,,
2018,Center,122,BIB,,Sectioned,mounted,,,3,,,,,
2018,Center,123,BIB,,Sectioned,mounted,,,3,,,,,
2018,Center,124,BIB,,Sectioned,mounted,,,NA,,,,,
2018,Center,125,BIB,,Sectioned,mounted,,,NA,,,,,
2018,Center,126,BIB,,Sectioned,mounted,,,NA,,,,,
2018,Center,127,BIB,,Sectioned,NA,,,6,,,,,
2018,Center,128,BIB,,Sectioned,mounted,,,3,,,,,
2018,Center,129,BIB,,Sectioned,mounted,,,3,,,,,
2018,Center,130,BIB,,Sectioned,mounted,,,NA,,,,,
2018,Center,131,BIB,,Sectioned,Sectioned,,,5,,,,,
2018,Center,132,BIB,,Sectioned,mounted,,,3,,,,,
2018,Center,133,COC,,Sectioned,,,,10,,,,,
2018,Center,134,COC,,Sectioned,,,,10,,,,,
2018,Center,135,COC,,Sectioned,,,,2,,,,,
2018,Center,136,COC,,Sectioned,,,,NA,,,,,
2018,Center,137,COC,,Sectioned,,,,1,,,,,
2018,Center,138,COC,,Sectioned,,,,NA,,,,,
2018,Center,139,COC,,Sectioned,,,,1,,,,,
2018,Center,140,COC,,Sectioned,,,,0,,,,,
2018,Center,141,COC,,Sectioned,,,,6,,,,,
2018,Center,142,COC,,Sectioned,,,,1,,,,,
2018,Center,143,COC,,Sectioned,,,,2,,,,,
2018,Center,144,COC,,Sectioned,,,,6,,,,,
2018,Center,145,COC,,Sectioned,,,,8,,,,,
2018,Center,146,COC,,Sectioned,,,,2,,,,,
2018,Center,147,COC,,Sectioned,,,,10,,,,,
2018,Center,148,COC,,Sectioned,,,,3,,,,,
2018,Center,149,COC,,Sectioned,,,,12,,,,,
2018,Center,150,COC,,Sectioned,,,,NA,,,,,
2018,Center,151,COC,,Sectioned,,,,7,,,,,
2018,Center,152,COC,,Sectioned,,,,8,,,,,
2018,Center,153,COC,,Sectioned,,,,7,,,,,
2018,Center,154,COC,,Sectioned,,,,5,,,,,
2018,Center,155,COC,,Sectioned,,,,3,,,,,
2018,Center,156,COC,,Sectioned,,,,7,,,,,
2018,Center,157,COC,,Sectioned,,,,3,,,,,
2018,Center,158,COC,,Sectioned,,,,2,,,,,
2018,Center,159,COC,,Sectioned,,,,2,,,,,
2018,Center,160,BIB,,Sectioned,Sectioned,,,6,,,,,
2018,Center,161,BIB,,Sectioned,Sectioned,,,3,,,,,
2018,Center,162,BIB,,Sectioned,Sectioned,,,2,,,,,
2018,Center,163,BIB,,Sectioned,Sectioned,,,4,,,,,
2018,Center,164,BIB,,Sectioned,Sectioned,,,6,,,,,
2018,Center,165,BIB,,Sectioned,Sectioned,,,6,,,,,
2018,Center,166,BIB,,Sectioned,Sectioned,,,3,,,,,
2018,Center,167,COC,,Sectioned,,,,4,,,,,
2018,Center,168,COC,,Sectioned,,,,7,,,,,
2018,Center,169,COC,,Sectioned,,,,2,,,,,
2018,Center,170,COC,,Sectioned,,,,9,,,,,
2018,Center,171,COC,,Sectioned,,,,10,,,,,
2018,Center,172,COC,,Sectioned,,,,2,,,,,
2018,Center,173,COC,,Sectioned,,,,8,,,,,
2018,Center,174,COC,,Sectioned,,,,8,,,,,
2018,Center,175,COC,,Sectioned,,,,6,,,,,
2018,Center,176,COC,,Sectioned,,,,2,,,,,
2018,Center,177,COC,,Sectioned,,,,5,,,,,
2018,Center,178,COC,,Sectioned,,,,8,,,,,
2018,Center,179,COC,,Sectioned,,,,7,,,,,
2018,Center,180,COC,,Sectioned,,,,4,,,,,
2018,Center,181,COC,,Sectioned,,,,2,,,,,
2018,Center,182,COC,,Sectioned,,,,,,,,,
2018,Center,183,COC,,Sectioned,,,,3,,,,,
2018,Center,184,COC,,Sectioned,,,,2,,,,,
2018,Center,185,COC,,Sectioned,,,,2,,,,,
2018,Center,186,COC,,Sectioned,,,,4,,,,,
2018,Center,187,COC,,Sectioned,,,,3,,,,,
2018,Center,188,COC,,Sectioned,,,,3,,,,,
2018,Center,189,COC,,Sectioned,,,,NA,,,,,
2018,Center,190,COC,,Sectioned,,,,6,,,,,
2018,Center,191,COC,,Sectioned,,,,NA,,,,,
2018,Center,192,COC,,Sectioned,,,,5,,,,,
2018,Center,193,COC,,Sectioned,,,,5,,,,,
2018,Center,194,COC,,Sectioned,,,,8,,,,,
2018,Center,195,COC,,Sectioned,,,,6,,,,,
2018,Center,196,COC,,Sectioned,,,,12,,,,,
2018,Center,197,COC,,Sectioned,,,,2,,,,,
2018,Center,198,COC,,Sectioned,,,,,,,,,
2018,Center,199,COC,,Sectioned,,,,7,,,,,
2018,Center,200,COC,,Sectioned,,,,11,,,,,
2018,Center,201,COC,,Sectioned,,,,7,,,,,
2018,Center,202,COC,,Sectioned,,,,0,,,,,
2018,Center,203,COC,,Sectioned,,,,12,,,,,
2018,Center,204,COC,,Sectioned,,,,9,,,,,
2018,Center,205,COC,,Sectioned,,,,17,,,,,
2018,Center,206,COC,,Sectioned,,,,6,,,,,
2018,Center,207,COC,,Sectioned,,,,7,,,,,
2018,Center,208,COC,,Sectioned,,,,12,,,,,
2018,Center,209,COC,,Sectioned,,,,10,,,,,
2018,Center,210,COC,,Sectioned,,,,13,,,,,
2018,Center,211,COC,,Sectioned,,,,7,,,,,
2018,Center,212,COC,,Sectioned,,,,,,,,,
2018,Center,213,COC,,Sectioned,,,,3,,,,,
2018,Center,214,COC,,Sectioned,,,,8,,,,,
2018,Center,215,COC,,Sectioned,,,,10,,,,,
2018,Center,216,COC,,Sectioned,,,,10,,,,,
2018,Center,217,COC,,Sectioned,,,,NA,,,,,
2018,Center,218,COC,,Sectioned,,,,12,,,,,
2018,Center,219,COC,,Sectioned,,,,3,,,,,
2018,Center,220,COC,,Sectioned,,,,5,,,,,
2018,Center,221,COC,,Sectioned,,,,4,,,,,
2018,Center,222,COC,,Sectioned,,,,3,,,,,
2018,Center,223,COC,,Sectioned,,,,3,,,,,
2018,Center,224,COC,,Sectioned,,,,5,,,,,
2018,Center,225,COC,,Sectioned,,,,NA,,,,,
2018,Center,226,COC,,Sectioned,,,,6,,,,,
2018,Center,227,COC,,Sectioned,,,,3,,,,,
2018,Center,228,COC,,Sectioned,,,,4,,,,,
2018,Center,229,COC,,Sectioned,,,,,,,,,
2018,Center,230,COC,,Sectioned,,,,2,,,,,
2018,Center,231,COC,,Sectioned,,,,,,,,,
2018,Center,232,COC,,Sectioned,,,,2,,,,,
2018,Center,233,COC,,Sectioned,,,,2,,,,,
2018,Center,234,COC,,Sectioned,,,,4,,,,,
2018,Five Island,1,COC,,Sectioned,Sectioned,,,10,,,,,
2018,Five Island,2,COC,,Sectioned,Sectioned,,,14,,,,,
2018,Five Island,3,COC,,Sectioned,Sectioned,,,14,,,,,
2018,Five Island,4,COC,,Sectioned,Sectioned,,,12,,,,,
2018,Five Island,5,COC,,Sectioned,Sectioned,,,15,,,,,
2018,Five Island,6,COC,,Sectioned,Sectioned,,,14,,,,,
2018,Five Island,7,COC,,Sectioned,Sectioned,,,16,,,,,
2018,Five Island,8,COC,,Sectioned,Sectioned,,,16,,,,,
2018,Five Island,9,COC,,Sectioned,Sectioned,,,10,,,,,
2018,Five Island,10,COC,,Sectioned,Sectioned,,,13,,,,,
2018,Five Island,11,COC,,Sectioned,Sectioned,,,11,,,,,
2018,Five Island,12,COC,,Sectioned,Sectioned,,,9,,,,,
2018,Five Island,13,COC,,Sectioned,Sectioned,,,11,,,,,
2018,Five Island,14,COC,,Sectioned,Sectioned,,,10,,,,,
2018,Five Island,15,COC,,Sectioned,Sectioned,,,9,,,,,
2018,Five Island,16,COC,,Sectioned,Sectioned,,,9,,,,,
2018,Five Island,17,COC,,Sectioned,Sectioned,,,11,,,,,
2018,Five Island,18,COC,,Sectioned,Sectioned,,,18,,,,,
2018,Five Island,19,COC,,Sectioned,Sectioned,,,12,,,,,
2018,Five Island,20,COC,,Sectioned,,,,15,,,,,
2018,Five Island,21,COC,,Sectioned,Sectioned,,,9,,,,,
2018,Five Island,22,COC,,Sectioned,Sectioned,,,11,,,,,
2018,Five Island,23,COC,,Sectioned,Sectioned,,,21,,,,,
2018,Five Island,24,COC,,Sectioned,Sectioned,,,11,,,,,
2018,Five Island,25,COC,,Sectioned,Sectioned,,,10,,,,,
2018,Five Island,26,COC,,Sectioned,Sectioned,,,13,,,,,
2018,Five Island,27,COC,,Sectioned,Sectioned,,,14,,,,,
2018,Five Island,28,COC,,Sectioned,Sectioned,,,10,,,,,
2018,Five Island,29,COC,,Sectioned,Sectioned,,,12,,,,,
2018,Five Island,30,COC,,Sectioned,Sectioned,,,16,,,,,
2018,Five Island,31,COC,,Sectioned,Sectioned,,,13,,,,,
2018,Five Island,32,COC,,Sectioned,,,,10,,,,,
2018,Five Island,33,COC,,Sectioned,Sectioned,,,15,,,,,
2018,Five Island,34,COC,,Sectioned,Sectioned,,,14,,,,,
2018,Five Island,35,COC,,Sectioned,Sectioned,,,11,,,,,
2018,Five Island,36,COC,,Sectioned,Sectioned,,,6,,,,,
2018,Five Island,37,COC,,Sectioned,Sectioned,,,11,,,,,
2018,Five Island,38,COC,,Sectioned,Sectioned,,,11,,,,,
2018,Five Island,39,COC,,Sectioned,Sectioned,,,17,,,,,
2018,Five Island,40,COC,,Sectioned,Sectioned,,,15,,,,,
2018,Five Island,41,COC,,Sectioned,Sectioned,,,14,,,,,
2018,Five Island,42,COC,,Sectioned,Sectioned,,,13,,,,,
2018,Five Island,43,COC,,Sectioned,Sectioned,,,18,,,,,
2018,Five Island,44,COC,,Sectioned,Sectioned,,,14,,,,,
2018,Five Island,45,COC,,Sectioned,Sectioned,,,17,,,,,
2018,Five Island,46,COC,,Sectioned,Sectioned,,,18,,,,,
2018,Five Island,47,COC,,Sectioned,Sectioned,,,12,,,,,
2018,Five Island,48,COC,,Sectioned,Sectioned,,,15,,,,,
2018,Five Island,49,COC,,Sectioned,Sectioned,,,15,,,,,
2018,Five Island,50,COC,,Sectioned,Sectioned,,,10,,,,,
2018,Five Island,51,COC,,Sectioned,Sectioned,,,15,,,,,
2018,Five Island,52,COC,,Sectioned,Sectioned,,,12,,,,,
2018,Five Island,53,COC,,Sectioned,,,,15,,,,,
2018,Five Island,54,COC,,Sectioned,,,,10,,,,,
2018,Five Island,55,COC,,Sectioned,,,,14,,,,,
2018,Five Island,56,COC,,Sectioned,,,,13,,,,,
2018,Five Island,57,COC,,Sectioned,,,,13,,,,,
2018,Five Island,58,COC,,Sectioned,Sectioned,,,15,,,,,
2018,Five Island,59,COC,,Sectioned,,,,14,,,,,
2018,Five Island,60,COC,,Sectioned,Sectioned,,,12,,,,,
2018,Five Island,61,COC,,Sectioned,Sectioned,,,11,,,,,
2018,Five Island,62,COC,,Sectioned,Sectioned,,,10,,,,,
2018,Five Island,63,COC,,Sectioned,Sectioned,,,7,,,,,
2018,Five Island,64,COC,,Sectioned,,,,13,,,,,
2018,Five Island,65,COC,,Sectioned,,,,16,,,,,
2018,Five Island,66,COC,,Sectioned,Sectioned,,,13,,,,,
2018,Five Island,67,COC,,Sectioned,Sectioned,,,11,,,,,
2018,Five Island,68,COC,,Sectioned,Sectioned,,,12,,,,,
2018,Five Island,69,COC,,Sectioned,Sectioned,,,27,,,,,
2018,Five Island,70,COC,,Sectioned,Sectioned,,,14,,,,,
2018,Five Island,71,COC,,Sectioned,,,,11,,,,,
2018,Five Island,72,COC,,Sectioned,Sectioned,,,11,,,,,
2018,Five Island,73,COC,,Sectioned,Sectioned,,,16,,,,,
2018,Five Island,74,COC,,Sectioned,,,,15,,,,,
2018,Five Island,75,COC,,Sectioned,,,,12,,,,,
2018,Five Island,76,COC,,Sectioned,Sectioned,,,16,,,,,
2018,Five Island,77,COC,,Sectioned,Sectioned,,,14,,,,,
2018,Five Island,78,COC,,Sectioned,Sectioned,,,13,,,,,
2018,Five Island,79,COC,,Sectioned,Sectioned,,,20,,,,,
2018,Five Island,80,COC,,Sectioned,Sectioned,,,15,,,,,
2018,Five Island,81,COC,,Sectioned,,,,16,,,,,
2018,Five Island,82,COC,,Sectioned,Sectioned,,,8,,,,,
2018,Five Island,83,COC,,Sectioned,Sectioned,,,11,,,,,
2018,Five Island,84,COC,,Sectioned,Sectioned,,,15,,,,,
2018,Five Island,85,COC,,Sectioned,Sectioned,,,12,,,,,
2018,Five Island,86,COC,,Sectioned,Sectioned,,,15,,,,,
2018,Five Island,87,COC,,Sectioned,Sectioned,,,13,,,,,
2018,Five Island,88,COC,,Sectioned,Sectioned,,,13,,,,,
2018,Five Island,89,COC,,Sectioned,Sectioned,,,10,,,,,
2018,Five Island,90,COC,,Sectioned,Sectioned,,,10,,,,,
2018,Five Island,91,COC,,Sectioned,Sectioned,,,8,,,,,
2018,Five Island,92,COC,,Sectioned,Sectioned,,,12,,,,,
2018,Five Island,93,COC,,Sectioned,Sectioned,,,8,,,,,
2018,Five Island,94,COC,,Sectioned,Sectioned,,,8,,,,,
2018,Five Island,95,COC,,Sectioned,Sectioned,,,11,,,,,
2018,Five Island,96,COC,,Sectioned,Sectioned,,,9,,,,,
2018,Five Island,97,COC,,Sectioned,Sectioned,,,12,,,,,
2018,Five Island,98,COC,,Sectioned,Sectioned,,,14,,,,,
2018,Five Island,99,COC,,Sectioned,Sectioned,,,11,,,,,
2018,Five Island,100,COC,,Sectioned,Sectioned,,,14,,,,,
2018,Five Island,101,COC,,Sectioned,Sectioned,,,15,,,,,
2018,Five Island,102,COC,,Sectioned,Sectioned,,,11,,,,,
2018,Five Island,103,COC,,Sectioned,Sectioned,,,12,,,,,
2018,Five Island,104,BIB,,Sectioned,Sectioned,,,4,,,,,
2018,Five Island,105,BIB,,Sectioned,Sectioned,,,12,,,,,
2018,Five Island,106,BIB,,Sectioned,Sectioned,,,11,,,,,
2018,Five Island,107,BIB,,Sectioned,Sectioned,,,11,,,,,
2018,Five Island,108,BIB,,Sectioned,Sectioned,,,10,,,,,
2018,Five Island,109,BIB,,Sectioned,Sectioned,,,9,,,,,
2018,Five Island,110,BIB,,Sectioned,Sectioned,,,6,,,,,
2018,Five Island,111,BIB,,Sectioned,Sectioned,,,7,,,,,
2018,Five Island,112,BIB,,Sectioned,Sectioned,,,7,,,,,
2018,Five Island,113,BIB,,Sectioned,Sectioned,,,8,,,,,
2018,Five Island,114,BIB,,Sectioned,Sectioned,,,10,,,,,
2018,Five Island,115,BIB,,Sectioned,Sectioned,,,12,,,,,
2018,Five Island,116,BIB,,Sectioned,Sectioned,,,14,,,,,
2018,Five Island,117,BIB,,Sectioned,Sectioned,,,6,,,,,
2018,Five Island,118,BIB,,Sectioned,Sectioned,,,4,,,,,
2018,Five Island,119,BIB,,Sectioned,Sectioned,,,8,,,,,
2018,Five Island,120,BIB,,Sectioned,Sectioned,,,11,,,,,
2018,Five Island,121,BIB,,Sectioned,Sectioned,,,6,,,,,
2018,Five Island,122,BIB,,Sectioned,Sectioned,,,9,,,,,
2018,Five Island,123,BIB,,Sectioned,Sectioned,,,9,,,,,
2018,Five Island,124,BIB,,Sectioned,Sectioned,,,8,,,,,
2018,Five Island,125,BIB,,Sectioned,Sectioned,,,9,,,,,
2018,Five Island,126,BIB,,Sectioned,Sectioned,,,9,,,,,
2018,Five Island,127,BIB,,Sectioned,Sectioned,,,6,,,,,
2018,Five Island,128,BIB,,Sectioned,Sectioned,,,,,,,,
2018,Five Island,129,BIB,,Sectioned,Sectioned,,,,,,,,
2018,Five Island,130,BIB,,Sectioned,Sectioned,,,,,,,,
2018,Five Island,131,BIB,,Sectioned,Sectioned,,,,,,,,
2018,Five Island,132,BIB,,Sectioned,Sectioned,,,,,,,,
2018,Five Island,133,BIB,,Sectioned,,,,8,,,,,
2018,Five Island,134,BIB,,Sectioned,,,,,,,,,
2018,Five Island,135,BIB,,Sectioned,Sectioned,,,,,,,,
2018,Five Island,136,BIB,,Sectioned,,,,13,,,,,
2018,Five Island,137,BIB,,Sectioned,Sectioned,,,6,,,,,
2018,Five Island,138,BIB,,Sectioned,,,,9,,,,,
2018,Five Island,139,BIB,,Sectioned,,,,8,,,,,
2018,Five Island,140,BIB,,Sectioned,,,,11,,,,,
2018,Five Island,141,BIB,,Sectioned,,,,,,,,,
2018,Five Island,142,BIB,,Sectioned,,,,9,,,,,
2018,Five Island,143,BIB,,Sectioned,,,,8,,,,,
2018,Five Island,144,BIB,,Sectioned,,,,,,,,,
2018,Five Island,145,BIB,,Sectioned,,,,,,,,,
2018,Five Island,146,BIB,,Sectioned,Sectioned,,,,,,,,
2018,Five Island,147,BIB,,Sectioned,,,,,,,,,
2018,Five Island,148,BIB,,Sectioned,,,,,,,,,
2018,Five Island,149,BIB,,Sectioned,Sectioned,,,,,,,,
2018,Five Island,150,BIB,,Sectioned,,,,10,,,,,
2018,Five Island,151,BIB,,Sectioned,,,,,,,,,
2018,Five Island,152,BIB,,Sectioned,,,,11,,,,,
2018,Five Island,153,BIB,,Sectioned,,,,,,,,,
2018,Five Island,154,BIB,,Sectioned,,,,9,,,,,
2018,Five Island,155,BIB,,Sectioned,,,,8,,,,,
2018,Five Island,156,BIB,,Sectioned,Sectioned,,,11,,,,,
2018,Five Island,157,BIB,,Sectioned,Sectioned,,,,,,,,
2018,Five Island,158,BIB,,Sectioned,,,,10,,,,,
2018,Five Island,159,BIB,,Sectioned,,,,12,,,,,
2018,Five Island,160,BIB,,Sectioned,,,,10,,,,,
2018,Five Island,161,BIB,,Sectioned,Sectioned,,,11,,,,,
2018,Five Island,162,BIB,,Sectioned,,,,,,,,,
2018,Five Island,163,BIB,,Sectioned,,,,,,,,,
2018,Five Island,164,BIB,,Sectioned,Sectioned,,,7,,,,,
2018,Five Island,165,BIB,,Sectioned,,,,,,,,,
2018,Five Island,166,BIB,,Sectioned,,,,,,,,,
2018,Five Island,167,BIB,,Sectioned,Sectioned,,,9,,,,,
2018,Five Island,168,BIB,,Sectioned,Sectioned,,,3,,,,,
2018,Five Island,169,BIB,,Sectioned,Sectioned,,,12,,,,,
2018,Five Island,170,BIB,,Sectioned,,,,9,,,,,
2018,Five Island,171,BIB,,Sectioned,,,,11,,,,,
2018,Five Island,172,BIB,,Sectioned,Sectioned,,,2,,,,,
2018,Five Island,173,BIB,,Sectioned,,,,14,,,,,
2018,Five Island,174,BIB,,Sectioned,,,,10,,,,,
2018,Five Island,175,BIB,,Sectioned,,,,5,,,,,
2018,Five Island,176,BIB,,Sectioned,Sectioned,,,9,,,,,
2018,Five Island,177,BIB,,Sectioned,,,,14,,,,,
2018,Five Island,178,BIB,,Sectioned,,,,10,,,,,
2018,Five Island,179,BIB,,Sectioned,,,,10,,,,,
2018,Five Island,180,BIB,,Sectioned,,,,8,,,,,
2018,Five Island,181,BIB,,Sectioned,,,,5,,,,,
2018,Five Island,182,BIB,,Sectioned,Sectioned,,,5,,,,,
2018,Five Island,183,BIB,,Sectioned,Sectioned,,,5,,,,,
2018,Five Island,184,BIB,,Sectioned,,,,12,,,,,
2018,Five Island,185,BIB,,Sectioned,,,,7,,,,,
2018,Five Island,186,BIB,,Sectioned,,,,7,,,,,
2018,Five Island,187,BIB,,Sectioned,,,,9,,,,,
2018,Five Island,188,BIB,,Sectioned,,,,7,,,,,
2018,Five Island,189,BIB,,Sectioned,Sectioned,,,9,,,,,
2018,Five Island,190,COC,,Sectioned,,,,19,,,,,
2018,Five Island,191,COC,,Sectioned,,,,18,,,,,
2018,Five Island,192,COC,,Sectioned,,,,12,,,,,
2018,Five Island,193,COC,,Sectioned,,,,12,,,,,
2018,Five Island,194,COC,,Sectioned,,,,9,,,,,
2018,Five Island,195,COC,,Sectioned,,,,12,,,,,
2018,Five Island,196,COC,,Sectioned,,,,14,,,,,
2018,Five Island,197,COC,,Sectioned,,,,16,,,,,
2018,Five Island,198,COC,,Sectioned,,,,3,,,,,
2018,Five Island,199,COC,,Sectioned,,,,12,,,,,
2018,Five Island,200,COC,,Sectioned,,,,7,,,,,
2018,Five Island,201,COC,,Sectioned,,,,10,,,,,
2018,Five Island,202,COC,,Sectioned,,,,16,,,,,
2018,Five Island,203,COC,,Sectioned,,,,13,,,,,
2018,Five Island,204,COC,,Sectioned,,,,,,,,,
2018,Five Island,205,COC,,Sectioned,,,,9,,,,,
2018,Five Island,206,COC,,Sectioned,,,,8,,,,,
2018,Five Island,207,COC,,Sectioned,,,,10,,,,,
2018,Five Island,208,COC,,Sectioned,,,,7,,,,,
2018,Five Island,209,COC,,Sectioned,,,,12,,,,,
2018,Five Island,210,COC,,Sectioned,,,,7,,,,,
2018,Five Island,211,COC,,Sectioned,,,,8,,,,,
2018,Five Island,212,COC,,Sectioned,,,,9,,,,,
2018,Five Island,213,COC,,Sectioned,,,,14,,,,,
2018,Five Island,214,COC,,Sectioned,,,,15,,,,,
2018,Five Island,215,COC,,Sectioned,,,,13,,,,,
2018,Five Island,216,COC,,Sectioned,,,,9,,,,,
2018,Five Island,217,COC,,Sectioned,,,,16,,,,,
2018,Five Island,218,COC,,Sectioned,,,,11,,,,,
2018,Five Island,219,COC,,Sectioned,,,,14,,,,,
2018,Five Island,220,COC,,Sectioned,,,,9,,,,,
2018,Five Island,221,COC,,Sectioned,,,,14,,,,,
2018,Five Island,222,COC,,Sectioned,,,,9,,,,,
2018,Five Island,223,COC,,Sectioned,,,,12,,,,,
2018,Five Island,224,COC,,Sectioned,,,,7,,,,,
2018,Five Island,225,COC,,Sectioned,,,,13,,,,,
2018,Five Island,226,COC,,Sectioned,,,,12,,,,,
2018,Five Island,227,COC,,Sectioned,,,,13,,,,,
2018,Five Island,228,COC,,Sectioned,,,,8,,,,,
2018,Five Island,229,COC,,Sectioned,,,,13,,,,,
2018,Five Island,230,COC,,Sectioned,,,,10,,,,,
2018,Five Island,231,COC,,Sectioned,,,,11,,,,,
2018,Five Island,232,COC,,Sectioned,,,,7,,,,,
2018,Five Island,233,COC,,Sectioned,,,,12,,,,,
2018,Five Island,234,COC,,Sectioned,,,,11,,,,,
2018,Five Island,235,BIB,,Sectioned,Sectioned,,,11,,,,,
2018,Five Island,236,BIB,,Sectioned,Sectioned,,,7,,,,,
2018,Five Island,237,BIB,,Sectioned,,,,9,,,,,
2018,Five Island,238,BIB,,Sectioned,,,,6,,,,,
2018,Five Island,239,BIB,,Sectioned,,,,8,,,,,
2018,Five Island,240,BIB,,Sectioned,,,,10,,,,,
2018,Five Island,241,BIB,,Sectioned,,,,,,,,,
2018,Five Island,242,BIB,,Sectioned,,,,NA,,,,,
2018,Five Island,243,BIB,,Sectioned,,,,8,,,,,
2018,Five Island,244,BIB,,Sectioned,Sectioned,,,8,,,,,
2018,Five Island,245,BIB,,Sectioned,,,,,,,,,
2018,Five Island,246,BIB,,Sectioned,Sectioned,,,,,,,,
2018,Five Island,247,BIB,,Sectioned,Sectioned,,,3,,,,,
2018,Five Island,248,BIB,,Sectioned,,,,7,,,,,
2018,Five Island,249,BIB,,Sectioned,Sectioned,,,3,,,,,
2018,Five Island,250,BIB,,Sectioned,,,,2,,,,,
2018,Five Island,251,BIB,,Sectioned,,,,7,,,,,
2018,Five Island,252,BIB,,Sectioned,,,,13,,,,,
2018,Five Island,253,BIB,,Sectioned,,,,5,,,,,
2018,Five Island,254,BIB,,Sectioned,Sectioned,,,NA,,,,,
2018,Five Island,255,BIB,,Sectioned,,,,9,,,,,
2018,Five Island,256,BIB,,Sectioned,Sectioned,,,2,,,,,
2018,Five Island,257,BIB,,Sectioned,,,,10,,,,,
2018,Five Island,258,BIB,,Sectioned,,,,15,,,,,
2018,Five Island,259,BIB,,Sectioned,Sectioned,,,3,,,,,
2018,Five Island,260,BIB,,Sectioned,,,,,,,,,
2018,Five Island,261,BIB,,Sectioned,,,,8,,,,,
2018,Five Island,262,BIB,,Sectioned,,,,8,,,,,
2018,Five Island,263,BIB,,Sectioned,,,,7,,,,,
2018,Five Island,264,BIB,,Sectioned,,,,4,,,,,
2018,Five Island,265,BIB,,Sectioned,Sectioned,,,,,,,,
2018,Five Island,266,BIB,,Sectioned,,,,5,,,,,
2018,Five Island,267,BIB,,Sectioned,,,,13,,,,,
2018,Five Island,268,BIB,,Sectioned,Sectioned,,,9,,,,,
2018,N. Twin,1623,BIB,Spine Taken 76,,,,,10,,,,,
2018,N. Twin,1677,BIB,Spine Taken 47,,,,,,,,,,
2018,N. Twin,6374,BIB,Spine Taken 28,,,,,,,,,,
2018,N. Twin,14201,COC,Spine Taken 109,,,,,,,,,,
2018,N. Twin,14801,BIB,Spine Taken 63,,,,,,,,,,
2018,N. Twin,14802,BIB,Spine Taken 64,,,,,,,,,,
2018,N. Twin,14804,BIB,Spine Taken 62,,,,,,,,,,
2018,N. Twin,14805,BIB,Spine Taken 61,,,,,,,,,,
2018,N. Twin,14806,BIB,Spine Taken 60,,,,,,,,,,
2018,N. Twin,14807,BIB,Spine Taken 59,,,,,,,,,,
2018,N. Twin,14808,BIB,Spine Taken 58,,,,,,,,,,
2018,N. Twin,14809,BIB,Spine Taken 57,,,,,,,,,,
2018,N. Twin,14811,BIB,Spine Taken 56,,,,,,,,,,
2018,N. Twin,14812,BIB,Spine Taken 55,,,,,,,,,,
2018,N. Twin,14813,BIB,Spine Taken 54,,,,,,,,,,
2018,N. Twin,14815,BIB,Spine Taken 53,,,,,,,,,,
2018,N. Twin,14816,BIB,Spine Taken 52,,,,,,,,,,
2018,N. Twin,14818,BIB,Spine Taken 51,,,,,,,,,,
2018,N. Twin,14819,BIB,Spine Taken 50,,,,,,,,,,
2018,N. Twin,14820,BIB,Spine Taken 49,,,,,,,,,,
2018,N. Twin,14821,BIB,Spine Taken 48,,,,,,,,,,
2018,N. Twin,14822,BIB,Spine Taken 46,,,,,,,,,,
2018,N. Twin,14823,BIB,Spine Taken 45,,,,,,,,,,
2018,N. Twin,14851,BIB,Spine Taken 65,,,,,,,,,,
2018,N. Twin,14852,BIB,Spine Taken 66,,,,,,,,,,
2018,N. Twin,14853,BIB,Spine Taken 67,,,,,,,,,,
2018,N. Twin,14854,BIB,Spine Taken 68,,,,,,,,,,
2018,N. Twin,14855,BIB,Spine Taken 69,,,,,,,,,,
2018,N. Twin,14856,BIB,Spine Taken 70,,,,,,,,,,
2018,N. Twin,14857,BIB,Spine Taken 71,,,,,,,,,,
2018,N. Twin,14858,BIB,Spine Taken 72,,,,,,,,,,
2018,N. Twin,14859,BIB,Spine Taken 73,,,,,,,,,,
2018,N. Twin,14860,BIB,Spine Taken 74,,,,,,,,,,
2018,N. Twin,14861,BIB,Spine Taken 75,,,,,,,,,,
2018,N. Twin,14862,BIB,Spine Taken 77,,,,,,,,,,
2018,N. Twin,14863,BIB,Spine Taken 78,,,,,,,,,,
2018,N. Twin,14864,BIB,Spine Taken 79,,,,,,,,,,
2018,N. Twin,14865,BIB,Spine Taken 80,,,,,,,,,,
2018,N. Twin,14866,BIB,Spine Taken 81,,,,,,,,,,
2018,N. Twin,14867,COC,Spine Taken 82,,,,,,,,,,
2018,N. Twin,14868,BIB,Spine Taken 83,,,,,,,,,,
2018,N. Twin,14869,BIB,Spine Taken 88,,,,,,,,,,
2018,N. Twin,14870,BIB,Spine Taken 89,,,,,,,,,,
2018,N. Twin,14871,BIB,Spine Taken 87,,,,,,,,,,
2018,N. Twin,14872,BIB,Spine Taken 90,,,,,,,,,,
2018,N. Twin,14873,BIB,Spine Taken 86,,,,,,,,,,
2018,N. Twin,14874,BIB,Spine Taken 85,,,,,,,,,,
2018,N. Twin,14875,BIB,Spine Taken 84,,,,,,,,,,
2018,N. Twin,14885,BIB,Spine Taken 33,,,,,,,,,,
2018,N. Twin,14886,BIB,Spine Taken 34,,,,,,,,,,
2018,N. Twin,14887,BIB,Spine Taken 32,,,,,,,,,,
2018,N. Twin,14888,BIB,Spine Taken 31,,,,,,,,,,
2018,N. Twin,14889,BIB,Spine Taken 35,,,,,,,,,,
2018,N. Twin,14890,BIB,Spine Taken 36,,,,,,,,,,
2018,N. Twin,14891,BIB,Spine Taken 37,,,,,,,,,,
2018,N. Twin,14893,BIB,Spine Taken 38,,,,,,,,,,
2018,N. Twin,14894,BIB,Spine Taken 39,,,,,,,,,,
2018,N. Twin,14895,BIB,Spine Taken 40,,,,,,,,,,
2018,N. Twin,14896,BIB,Spine Taken 42,,,,,,,,,,
2018,N. Twin,14897,BIB,Spine Taken 43,,,,,,,,,,
2018,N. Twin,14898,BIB,Spine Taken 44,,,,,,,,,,
2018,N. Twin,14900,BIB,Spine Taken 41,,,,,,,,,,
2018,N. Twin,15201,BIB,Spine Taken 22,,,,,,,,,,
2018,N. Twin,15202,BIB,Spine Taken 23,,,,,,,,,,
2018,N. Twin,15203,BIB,Spine Taken 24,,,,,,,,,,
2018,N. Twin,15204,BIB,Spine Taken 25,,,,,,,,,,
2018,N. Twin,15205,BIB,Spine Taken 26,,,,,,,,,,
2018,N. Twin,15206,BIB,Spine Taken 27,,,,,,,,,,
2018,N. Twin,15207,BIB,Spine Taken 29,,,,,,,,,,
2018,N. Twin,15208,BIB,Spine Taken 30,,,,,,,,,,
2018,N. Twin,15251,BIB,Spine Taken 102,,,,,,,,,,
2018,N. Twin,15252,BIB,Spine Taken 103,,,,,,,,,,
2018,N. Twin,15265,COC,Spine Taken 101,,,,,,,,,,
2018,N. Twin,15266,BIB,Spine Taken 100,,,,,,,,,,
2018,N. Twin,15267,BIB,Spine Taken 99,,,,,,,,,,
2018,N. Twin,15268,COC,Spine Taken 98,,,,,,,,,,
2018,N. Twin,15269,BIB,Spine Taken 97,,,,,,,,,,
2018,N. Twin,15270,BIB,Spine Taken 96,,,,,,,,,,
2018,N. Twin,15271,BIB,Spine Taken 95,,,,,,,,,,
2018,N. Twin,15272,BIB,Spine Taken 94,,,,,,,,,,
2018,N. Twin,15273,BIB,Spine Taken 93,,,,,,,,,,
2018,N. Twin,15274,BIB,Spine Taken 92,,,,,,,,,,
2018,N. Twin,15275,BIB,Spine Taken 91,,,,,,,,,,
2018,N. Twin,15276,BIB,Spine Taken 1,,,,,,,,,,
2018,N. Twin,15277,BIB,Spine Taken 2,,,,,,,,,,
2018,N. Twin,15278,BIB,Spine Taken 3,,,,,,,,,,
2018,N. Twin,15279,BIB,Spine Taken 4,,,,,,,,,,
2018,N. Twin,15280,BIB,Spine Taken 5,,,,,,,,,,
2018,N. Twin,15282,BIB,Spine Taken 6,,,,,,,,,,
2018,N. Twin,15283,BIB,Spine Taken 7,,,,,,,,,,
2018,N. Twin,15284,BIB,Spine Taken 8,,,,,,,,,,
2018,N. Twin,15285,BIB,Spine Taken 9,,,,,,,,,,
2018,N. Twin,15286,BIB,Spine Taken 10,,,,,,,,,,
2018,N. Twin,15287,BIB,Spine Taken 11,,,,,,,,,,
2018,N. Twin,15288,BIB,Spine Taken 12,,,,,,,,,,
2018,N. Twin,15290,BIB,Spine Taken 13,,,,,,,,,,
2018,N. Twin,15291,BIB,Spine Taken 14,,,,,,,,,,
2018,N. Twin,15292,BIB,Spine Taken 19,,,,,,,,,,
2018,N. Twin,15293,BIB,Spine Taken 20,,,,,,,,,,
2018,N. Twin,15294,BIB,Spine Taken 21,,,,,,,,,,
2018,N. Twin,15295,BIB,Spine Taken 16,,,,,,,,,,
2018,N. Twin,15296,BIB,Spine Taken 17,,,,,,,,,,
2018,N. Twin,15298,BIB,Spine Taken 18,,,,,,,,,,
2018,N. Twin,15299,BIB,Spine Taken 15,,,,,,,,,,
2018,N. Twin,15327,COC,Spine Taken 113,,,,,,,,,,
2018,N. Twin,15330,COC,Spine Taken 110,,,,,,,,,,
2018,N. Twin,15331,COC,Spine Taken 111,,,,,,,,,,
2018,N. Twin,15332,COC,Spine Taken 117,,,,,,,,,,
2018,N. Twin,15334,COC,Spine Taken 116,,,,,,,,,,
2018,N. Twin,15335,COC,Spine Taken 115,,,,,,,,,,
2018,N. Twin,15336,COC,Spine Taken 114,,,,,,,,,,
2018,N. Twin,15338,COC,Spine Taken 122,,,,,,,,,,
2018,N. Twin,15340,COC,Spine Taken 121,,,,,,,,,,
2018,N. Twin,15341,COC,Spine Taken 120,,,,,,,,,,
2018,N. Twin,15342,COC,Spine Taken 119,,,,,,,,,,
2018,N. Twin,15343,COC,Spine Taken 118,,,,,,,,,,
2018,N. Twin,15344,COC,Spine Taken 112,,,,,,,,,,
2018,N. Twin,15345,COC,Spine Taken 108,,,,,,,,,,
2018,N. Twin,15346,COC,Spine Taken 107,,,,,,,,,,
2018,N. Twin,15348,COC,Spine Taken 106,,,,,,,,,,
2018,N. Twin,15349,COC,Spine Taken 105,,,,,,,,,,
2018,N. Twin,15350,COC,Spine Taken 104,,,,,,,,,,
2018,N. Twin,1682,COC,spine taken env # 150,,,,,,,,,,
2018,N. Twin,5181,COC,spine taken env # 151,,,,,,,,,,
2018,N. Twin,14933,COC,spine taken env # 163,,,,,,,,,,
2018,N. Twin,14938,COC,spine taken env# 162,,,,,,,,,,
2018,N. Twin,14939,COC,spine taken env # 161,,,,,,,,,,
2018,N. Twin,14940,COC,spine taken env # 160,,,,,,,,,,
2018,N. Twin,14941,COC,spine taken env # 159,,,,,,,,,,
2018,N. Twin,14942,COC,spine taken env # 158,,,,,,,,,,
2018,N. Twin,14943,COC,spine taken env # 157,,,,,,,,,,
2018,N. Twin,14944,COC,spine taken env # 156,,,,,,,,,,
2018,N. Twin,14946,COC,spine taken env #155,,,,,,,,,,
2018,N. Twin,14948,COC,Spine taken env# 154,,,,,,,,,,
2018,N. Twin,14949,COC,Spine taken env# 153,,,,,,,,,,
2018,N. Twin,14950,COC,spine taken env # 152,,,,,,,,,,
2018,N. Twin,1644,COC,spine taken env#191,,,,,,,,,,
2018,N. Twin,15876,COC,spine taken env#188,,,,,,,,,,
2018,N. Twin,15877,COC,spine taken env#190,,,,,,,,,,
2018,N. Twin,15878,COC,spine taken env#189,,,,,,,,,,
2018,N. Twin,15879,COC,spine taken env#186,,,,,,,,,,
2018,N. Twin,15880,COC,spine taken env#187,,,,,,,,,,
2018,N. Twin,15881,COC,spine taken env#185,,,,,,,,,,
2018,N. Twin,15882,COC,spine taken env#184,,,,,,,,,,
2018,N. Twin,15883,COC,spine taken env#183,,,,,,,,,,
2018,N. Twin,15888,COC,spine taken env#182,,,,,,,,,,
2018,N. Twin,15889,COC,spine taken env#181,,,,,,,,,,
2018,N. Twin,15892,COC,spine taken env#180,,,,,,,,,,
2018,N. Twin,15893,COC,spine taken env#179,,,,,,,,,,
2018,N. Twin,15894,COC,spine taken env#178,,,,,,,,,,
2018,N. Twin,15895,COC,spine taken env#177,,,,,,,,,,
2018,N. Twin,15897,COC,spine taken env#176,,,,,,,,,,
2018,N. Twin,15898,COC,spine taken env#175,,,,,,,,,,
2018,N. Twin,16926,COC,spine taken env#192,,,,,,,,,,
2018,N. Twin,16937,COC,spine taken env#200,,,,,,,,,,
2018,N. Twin,16940,COC,spine taken env#199,,,,,,,,,,
2018,N. Twin,16941,COC,spine taken env#198,,,,,,,,,,
2018,N. Twin,16942,COC,spine taken env#197,,,,,,,,,,
2018,N. Twin,16943,COC,spine taken env#196,,,,,,,,,,
2018,N. Twin,16944,COC,spine taken env#195,,,,,,,,,,
2018,N. Twin,16945,COC,spine taken env#194,,,,,,,,,,
2018,N. Twin,16946,COC,spine taken env#193,,,,,,,,,,
2018,N. Twin,1655,COC,spine taken env#306,,,,,,,,,,
2018,N. Twin,1777,COC,spine taken env#307,,,,,,,,,,
2018,N. Twin,5588,COC,spine taken env#318,,,,,,,,,,
2018,N. Twin,16977,COC,spine taken env#320,,,,,,,,,,
2018,N. Twin,16978,COC,spine taken env#319,,,,,,,,,,
2018,N. Twin,16979,COC,spine taken env#317,,,,,,,,,,
2018,N. Twin,16980,COC,spine taken env#316,,,,,,,,,,
2018,N. Twin,16981,COC,spine taken env#315,,,,,,,,,,
2018,N. Twin,16983,COC,spine taken env#314,,,,,,,,,,
2018,N. Twin,16984,COC,spine taken env#313,,,,,,,,,,
2018,N. Twin,16985,COC,spine taken env#312,,,,,,,,,,
2018,N. Twin,16986,COC,spine taken env#311,,,,,,,,,,
2018,N. Twin,16987,COC,spine taken env#310,,,,,,,,,,
2018,N. Twin,16988,COC,spine taken env#309,,,,,,,,,,
2018,N. Twin,16989,COC,spine taken env#308,,,,,,,,,,
2018,N. Twin,16990,COC,spine taken env#305,,,,,,,,,,
2018,N. Twin,16991,COC,spine taken env#304,,,,,,,,,,
2018,N. Twin,16992,COC,spine taken env#303,,,,,,,,,,
2018,N. Twin,16993,COC,spine taken env#302,,,,,,,,,,
2018,N. Twin,16994,COC,spine taken env#301,,,,,,,,,,
2018,N. Twin,16995,COC,spine taken env#300,,,,,,,,,,
2018,N. Twin,6437,COC,spine taken env#510,,,,,,,,,,
2018,N. Twin,13726,COC,spine taken env#523,,,,,,,,,,
2018,N. Twin,13728,COC,spine taken env#522,,,,,,,,,,
2018,N. Twin,13729,COC,spine taken env#521,,,,,,,,,,
2018,N. Twin,13731,COC,spine taken env#520,,,,,,,,,,
2018,N. Twin,13732,COC,spine taken env#519,,,,,,,,,,
2018,N. Twin,13733,COC,spine taken env#518,,,,,,,,,,
2018,N. Twin,13734,COC,spine taken env#517,,,,,,,,,,
2018,N. Twin,13735,COC,spine taken env#516,,,,,,,,,,
2018,N. Twin,13736,COC,spine taken env#515,,,,,,,,,,
2018,N. Twin,13737,COC,spine taken env#513,,,,,,,,,,
2018,N. Twin,13738,COC,spine taken env#512,,,,,,,,,,
2018,N. Twin,13739,COC,spine taken env#511,,,,,,,,,,
2018,N. Twin,13740,COC,spine taken env#509,,,,,,,,,,
2018,N. Twin,13741,COC,spine taken env#508,,,,,,,,,,
2018,N. Twin,13742,COC,spine taken env#507,,,,,,,,,,
2018,N. Twin,13743,COC,spine taken env#506,,,,,,,,,,
2018,N. Twin,13744,COC,spine taken env#505,,,,,,,,,,
2018,N. Twin,13745,COC,spine taken env#504,,,,,,,,,,
2018,N. Twin,13747,COC,spine taken env#503,,,,,,,,,,
2018,N. Twin,13748,COC,spine taken env#502,,,,,,,,,,
2018,N. Twin,13749,COC,spine taken env#501,,,,,,,,,,
2018,N. Twin,13938,COC,spine taken env#532,,,,,,,,,,
2018,N. Twin,13939,COC,spine taken env#531,,,,,,,,,,
2018,N. Twin,13940,COC,spine taken env#530,,,,,,,,,,
2018,N. Twin,13943,COC,spine taken env#529,,,,,,,,,,
2018,N. Twin,13944,COC,spine taken env#528,,,,,,,,,,
2018,N. Twin,13946,COC,spine taken env#527,,,,,,,,,,
2018,N. Twin,13947,COC,spine taken env#526,,,,,,,,,,
2018,N. Twin,13948,COC,spine taken env#525,,,,,,,,,,
2018,N. Twin,13949,COC,spine taken env#524,,,,,,,,,,
2018,N. Twin,14724,COC,spine taken env#514,,,,,,,,,,
2018,N. Twin,16911,COC,spine taken env#500,,,,,,,,,,
2018,N. Twin,1645,COC,spine taken env# 1645,,,,,,,,,,
2018,N. Twin,1679,COC,spine taken env# 1679,,,,,,,,,,
2018,N. Twin,1687,COC,spine taken env# 1687,,,,,,,,,,
2018,N. Twin,14352,COC,spine taken env# 14352,,,,,,,,,,
2018,N. Twin,14353,COC,spine taken env# 14353,,,,,,,,,,
2018,N. Twin,14354,COC,spine taken env# 14354,,,,,,,,,,
2018,N. Twin,14368,COC,spine taken env# 14368,,,,,,,,,,
2018,N. Twin,14369,COC,spine taken env# 14369,,,,,,,,,,
2018,N. Twin,14370,COC,spine taken env# 14370,,,,,,,,,,
2018,N. Twin,14371,COC,spine taken env# 14371,,,,,,,,,,
2018,N. Twin,14372,COC,spine taken env# 14372,,,,,,,,,,
2018,N. Twin,14373,COC,spine taken env# 14353,,,,,,,,,,
2018,N. Twin,14374,COC,spine taken env# 14374,,,,,,,,,,
2018,N. Twin,14485,COC,spine taken env# 14485,,,,,,,,,,
2018,N. Twin,16865,COC,spine taken env# 16865,,,,,,,,,,
2018,N. Twin,16866,COC,spine taken env# 16866,,,,,,,,,,
2018,N. Twin,16867,COC,spine taken env# 16867,,,,,,,,,,
2018,N. Twin,16868,COC,spine taken env# 16868,,,,,,,,,,
2018,N. Twin,16869,COC,spine taken env# 16869,,,,,,,,,,
2018,N. Twin,16870,COC,spine taken env# 16870,,,,,,,,,,
2018,N. Twin,16871,COC,spine taken env# 16871,,,,,,,,,,
2018,N. Twin,16872,COC,spine taken env# 16872,,,,,,,,,,
2018,N. Twin,16873,COC,spine taken env# 16873,,,,,,,,,,
2018,N. Twin,16874,COC,spine taken env# 16874,,,,,,,,,,
2018,N. Twin,16875,COC,spine taken env# 16875,,,,,,,,,,
2018,N. Twin,NA,BIB,Kept for dissection,,,,,,,,,,
2018,S. Twin,5753,,spine taken env#60,,,,,,,,,,
2018,S. Twin,5770,,spine taken env#95,,,,,,,,,,
2018,S. Twin,6000,,spine taken env#57,,,,,,,,,,
2018,S. Twin,6149,,spine taken env#50,,,,,,,,,,
2018,S. Twin,6514,,spine taken env#58,,,,,,,,,,
2018,S. Twin,13510,,spine taken env#22,,,,,,,,,,
2018,S. Twin,14525,,spine taken env#51,,,,,,,,,,
2018,S. Twin,14901,,spine taken env#25,,,,,,,,,,
2018,S. Twin,14902,,spine taken env#24,,,,,,,,,,
2018,S. Twin,14903,,spine taken env#23,,,,,,,,,,
2018,S. Twin,14904,,spine taken env#21,,,,,,,,,,
2018,S. Twin,14905,,spine taken env#20,,,,,,,,,,
2018,S. Twin,14906,,spine taken env#19,,,,,,,,,,
2018,S. Twin,14907,,spine taken env#18,,,,,,,,,,
2018,S. Twin,14908,,spine taken env#17,,,,,,,,,,
2018,S. Twin,14909,,spine taken env#16,,,,,,,,,,
2018,S. Twin,14910,,spine taken env#15,,,,,,,,,,
2018,S. Twin,14911,,spine taken env#14,,,,,,,,,,
2018,S. Twin,14912,,spine taken env#13,,,,,,,,,,
2018,S. Twin,14913,,spine taken env#12,,,,,,,,,,
2018,S. Twin,14914,,spine taken env#11,,,,,,,,,,
2018,S. Twin,14916,,spine taken env#10,,,,,,,,,,
2018,S. Twin,14917,,spine taken env#9,,,,,,,,,,
2018,S. Twin,14918,,spine taken env#8,,,,,,,,,,
2018,S. Twin,14919,,spine taken env#7,,,,,,,,,,
2018,S. Twin,14920,,spine taken env#6,,,,,,,,,,
2018,S. Twin,14921,,spine taken env#5,,,,,,,,,,
2018,S. Twin,14922,,spine taken env#3,,,,,,,,,,
2018,S. Twin,14923,,spine taken env#4,,,,,,,,,,
2018,S. Twin,14924,,spine taken env#2,,,,,,,,,,
2018,S. Twin,14925,,spine taken env#1,,,,,,,,,,
2018,S. Twin,14926,,spine taken env#62,,,,,,,,,,
2018,S. Twin,14927,,spine taken env#61,,,,,,,,,,
2018,S. Twin,14928,,spine taken env#59,,,,,,,,,,
2018,S. Twin,14929,,spine taken env#56,,,,,,,,,,
2018,S. Twin,14930,,spine taken env#55,,,,,,,,,,
2018,S. Twin,14931,,spine taken env#54,,,,,,,,,,
2018,S. Twin,14932,,spine taken env#53,,,,,,,,,,
2018,S. Twin,14951,,spine taken env#84,,,,,,,,,,
2018,S. Twin,14952,,spine taken env#86,,,,,,,,,,
2018,S. Twin,14953,,spine taken env#85,,,,,,,,,,
2018,S. Twin,14954,,spine taken env#83,,,,,,,,,,
2018,S. Twin,14955,,spine taken env#82,,,,,,,,,,
2018,S. Twin,14956,,spine taken env#81,,,,,,,,,,
2018,S. Twin,14957,,spine taken env#80,,,,,,,,,,
2018,S. Twin,14958,,spine taken env#79,,,,,,,,,,
2018,S. Twin,14960,,spine taken env#78,,,,,,,,,,
2018,S. Twin,14961,,spine taken env#77,,,,,,,,,,
2018,S. Twin,14962,,spine taken env#76,,,,,,,,,,
2018,S. Twin,14963,,spine taken env#75,,,,,,,,,,
2018,S. Twin,14964,,spine taken env#74,,,,,,,,,,
2018,S. Twin,14965,,spine taken env#73,,,,,,,,,,
2018,S. Twin,14966,,spine taken env#72,,,,,,,,,,
2018,S. Twin,14967,,spine taken env#71,,,,,,,,,,
2018,S. Twin,14968,,spine taken env#70,,,,,,,,,,
2018,S. Twin,14969,,spine taken env#69,,,,,,,,,,
2018,S. Twin,14970,,spine taken env#68,,,,,,,,,,
2018,S. Twin,14971,,spine taken env#67,,,,,,,,,,
2018,S. Twin,14972,,spine taken env#66,,,,,,,,,,
2018,S. Twin,14973,,spine taken env#65,,,,,,,,,,
2018,S. Twin,14974,,spine taken env#64,,,,,,,,,,
2018,S. Twin,14975,,spine taken env#63,,,,,,,,,,
2018,S. Twin,14976,,spine taken env#52,,,,,,,,,,
2018,S. Twin,14977,,spine taken env#49,,,,,,,,,,
2018,S. Twin,14978,,spine taken env#48,,,,,,,,,,
2018,S. Twin,14979,,spine taken env#47,,,,,,,,,,
2018,S. Twin,14980,,spine taken env#46,,,,,,,,,,
2018,S. Twin,14981,,spine taken env#45,,,,,,,,,,
2018,S. Twin,14982,,spine taken env#44,,,,,,,,,,
2018,S. Twin,14983,,spine taken env#43,,,,,,,,,,
2018,S. Twin,14984,,spine taken env#42,,,,,,,,,,
2018,S. Twin,14985,,spine taken env#41,,,,,,,,,,
2018,S. Twin,14986,,spine taken env#40,,,,,,,,,,
2018,S. Twin,14987,,spine taken env#39,,,,,,,,,,
2018,S. Twin,14988,,spine taken env#38,,,,,,,,,,
2018,S. Twin,14989,,spine taken env#37,,,,,,,,,,
2018,S. Twin,14990,,spine taken env#36,,,,,,,,,,
2018,S. Twin,14991,,spine taken env#35,,,,,,,,,,
2018,S. Twin,14992,,spine taken env#34,,,,,,,,,,
2018,S. Twin,14993,,spine taken env#33,,,,,,,,,,
2018,S. Twin,14994,,spine taken env#32,,,,,,,,,,
2018,S. Twin,14995,,spine taken env#31,,,,,,,,,,
2018,S. Twin,14996,,spine taken env#30,,,,,,,,,,
2018,S. Twin,14997,,spine taken env#29,,,,,,,,,,
2018,S. Twin,14998,,spine taken env#28,,,,,,,,,,
2018,S. Twin,14999,,spine taken env#27,,,,,,,,,,
2018,S. Twin,15000,,spine taken env#26,,,,,,,,,,
2018,S. Twin,15840,,spine taken env#97,,,,,,,,,,
2018,S. Twin,15841,,spine taken env#96,,,,,,,,,,
2018,S. Twin,15842,,spine taken env#94,,,,,,,,,,
2018,S. Twin,15843,,spine taken env#93,,,,,,,,,,
2018,S. Twin,15845,,spine taken env#92,,,,,,,,,,
2018,S. Twin,15846,,spine taken env#91,,,,,,,,,,
2018,S. Twin,15847,,spine taken env#90,,,,,,,,,,
2018,S. Twin,15848,,spine taken env#89,,,,,,,,,,
2018,S. Twin,15849,,spine taken env#88,,,,,,,,,,
2018,S. Twin,15850,,spine taken env#87,,,,,,,,,,
2018,S. Twin,5916,,spine taken env # 312,,,,,,,,,,
2018,S. Twin,6644,,spine taken env # 313,,,,,,,,,,
2018,S. Twin,13901,,spine taken env # 314,,,,,,,,,,
2018,S. Twin,13902,,spine taken env # 315,,,,,,,,,,
2018,S. Twin,13903,,spine taken env # 317,,,,,,,,,,
2018,S. Twin,13904,,spine taken env # 316,,,,,,,,,,
2018,S. Twin,13923,,spine taken env # 311,,,,,,,,,,
2018,S. Twin,13924,,spine taken env # 310,,,,,,,,,,
2018,S. Twin,13925,,spine taken env # 309,,,,,,,,,,
2018,S. Twin,15851,,spine taken env # 305,,,,,,,,,,
2018,S. Twin,15852,,spine taken env# 306,,,,,,,,,,
2018,S. Twin,15853,,spine taken env # 308,,,,,,,,,,
2018,S. Twin,15884,,spine taken env# 300,,,,,,,,,,
2018,S. Twin,16927,,spine taken env # 301,,,,,,,,,,
2018,S. Twin,16928,,spine taken env # 302,,,,,,,,,,
2018,S. Twin,16929,,spine taken env # 303,,,,,,,,,,
2018,S. Twin,16930,,spine taken env # 304,,,,,,,,,,
2018,S. Twin,16936,,spine taken env # 307,,,,,,,,,,
2018,S. Twin,5597,,spine taken env#418,,,,,,,,,,
2018,S. Twin,13401,,spine taken env#401,,,,,,,,,,
2018,S. Twin,13402,,spine taken env#402,,,,,,,,,,
2018,S. Twin,13403,,spine taken env#403,,,,,,,,,,
2018,S. Twin,13404,,spine taken env#405,,,,,,,,,,
2018,S. Twin,13405,,spine taken env#406,,,,,,,,,,
2018,S. Twin,13406,,spine taken env#404,,,,,,,,,,
2018,S. Twin,13407,,spine taken env#408,,,,,,,,,,
2018,S. Twin,13408,,spine taken env#407,,,,,,,,,,
2018,S. Twin,13409,,spine taken env#409,,,,,,,,,,
2018,S. Twin,13410,,spine taken env#400,,,,,,,,,,
2018,S. Twin,16948,,spine taken env#419,,,,,,,,,,
2018,S. Twin,16949,,spine taken env#417,,,,,,,,,,
2018,S. Twin,16950,,spine taken env#415,,,,,,,,,,
2018,S. Twin,16951,,spine taken env#416,,,,,,,,,,
2018,S. Twin,16952,,spine taken env#431,,,,,,,,,,
2018,S. Twin,16953,,spine taken env#433,,,,,,,,,,
2018,S. Twin,16956,,spine taken env#432,,,,,,,,,,
2018,S. Twin,16957,,spine taken env#430,,,,,,,,,,
2018,S. Twin,16960,,spine taken env#428,,,,,,,,,,
2018,S. Twin,16961,,spine taken env#429,,,,,,,,,,
2018,S. Twin,16962,,spine taken env#424,,,,,,,,,,
2018,S. Twin,16963,,spine taken env#425,,,,,,,,,,
2018,S. Twin,16964,,spine taken env#427,,,,,,,,,,
2018,S. Twin,16965,,spine taken env#426,,,,,,,,,,
2018,S. Twin,16966,,spine taken env#423,,,,,,,,,,
2018,S. Twin,16967,,spine taken env#422,,,,,,,,,,
2018,S. Twin,16968,,spine taken env#421,,,,,,,,,,
2018,S. Twin,16969,,spine taken env#420,,,,,,,,,,
2018,S. Twin,16970,,spine taken env#414,,,,,,,,,,
2018,S. Twin,16971,,spine taken env#412,,,,,,,,,,
2018,S. Twin,16972,,spine taken env#411,,,,,,,,,,
2018,S. Twin,16973,,spine taken env#413,,,,,,,,,,
2018,S. Twin,16974,,spine taken env#410,,,,,,,,,,
2018,S. Twin,5694,,spine taken env 5694,,,,,,,,,,
2018,S. Twin,13973,,spine taken env#13973,,,,,,,,,,
2018,S. Twin,13977,,spine taken env # 13977,,,,,,,,,,
2018,S. Twin,14320,,SPINE TAKEN ENV #14320,,,,,,,,,,
2018,S. Twin,14321,,spine taken env 14321,,,,,,,,,,
2018,S. Twin,14322,,spine taken env # 14322,,,,,,,,,,
2018,S. Twin,14375,,spine envelope 14375,,,,,,,,,,
2018,S. Twin,16878,,spine taken env# 16878,,,,,,,,,,
2018,S. Twin,11717,,Spine taken  env # 11717,,,,,,,,,,
2018,S. Twin,11773,,Spine taken  env # 11773,,,,,,,,,,
2018,S. Twin,11774,,Spine taken  env # 11774,,,,,,,,,,
2018,S. Twin,11782,,Spine taken  env # 11782,,,,,,,,,,
2018,S. Twin,11783,,Spine taken  env # 11783,,,,,,,,,,
2018,S. Twin,11784,,Spine taken  env # 11784,,,,,,,,,,
2018,S. Twin,14379,,Spine taken  env # 14739,,,,,,,,,,
2018,S. Twin,14378,,Spine taken  env # 14738,,,,,,,,,,
2018,S. Twin,1851,,four digit tag 2018 spine taken env# 1851,,,,,,,,,,
2018,S. Twin,1852,,four digit tag 2018 spine taken env# 1852,,,,,,,,,,
2018,S. Twin,1853,,four digit tag 2018 spine taken env# 1853,,,,,,,,,,
2018,S. Twin,1854,,four digit tag 2018 spine taken env# 1854,,,,,,,,,,
2018,S. Twin,1855,,four digit tag 2018 spine taken env# 1855,,,,,,,,,,
2018,S. Twin,1856,,four digit tag 2018 spine taken env# 1856,,,,,,,,,,
2018,S. Twin,1857,,four digit tag 2018 spine taken env# 1857,,,,,,,,,,
2018,S. Twin,1858,,four digit tag 2018 spine taken env# 1858,,,,,,,,,,
2018,S. Twin,1859,,four digit tag 2018 spine taken env# 1859,,,,,,,,,,
2018,S. Twin,1860,,four digit tag 2018 spine taken env# 1860,,,,,,,,,,
2018,S. Twin,1861,,four digit tag 2018 spine taken env# 1861,,,,,,,,,,
2018,S. Twin,1862,,four digit tag 2018 spine taken env# 1862,,,,,,,,,,
2018,S. Twin,1863,,four digit tag 2018 spine taken env# 1863,,,,,,,,,,
2018,S. Twin,1864,,four digit tag 2018 spine taken env# 1864,,,,,,,,,,
2018,S. Twin,1865,,four digit tag 2018 spine taken env# 1865,,,,,,,,,,
2018,S. Twin,1866,,four digit tag 2018 spine taken env# 1866,,,,,,,,,,
2018,S. Twin,1867,,four digit tag 2018 spine taken env# 1867,,,,,,,,,,
2018,S. Twin,1868,,four digit tag 2018 spine taken env# 1868,,,,,,,,,,
2018,S. Twin,1869,,four digit tag 2018 spine taken env# 1869,,,,,,,,,,
2018,S. Twin,1870,,four digit tag 2018 spine taken env# 1870,,,,,,,,,,
2018,S. Twin,1871,,four digit tag 2018 spine taken env# 1871,,,,,,,,,,
2018,S. Twin,1872,,four digit tag 2018 spine taken env# 1872,,,,,,,,,,
2018,S. Twin,1899,,four digit tag 2018 spine taken env# 1899,,,,,,,,,,
2018,S. Twin,1900,,four digit tag 2018 spine taken env# 1900,,,,,,,,,,
2018,S. Twin,5934,,spine taken env# 5934,,,,,,,,,,
2018,S. Twin,6819,,spine taken env# 6819,,,,,,,,,,
2018,S. Twin,13605,,spine taken env# 13605,,,,,,,,,,
