Date,Lake,TAG.NUMBER,Species,Length (mm),Weight (g),Recap,Tag Loss,Fin Clipped,Notes,Gear,Site.Transect,Start Latitude,Start Longitude,End Latitude,End Longitude,On Time (s),Water Temp (C),Secchi (cm),Weather,Year
10/24/2018,Silver,20544,,,,,,,Commercial Harvest,Seine,,,,,,,,,,2018
10/24/2018,Silver,21168,,,,,,,Commercial Harvest,Seine,,,,,,,,,,2018
10/24/2018,Silver,23813,,,,,,,Commercial Harvest,Seine,,,,,,,,,,2018
10/24/2018,Silver,23077,,,,,,,Commercial Harvest,Seine,,,,,,,,,,2018
10/24/2018,Silver,19731,,,,,,,Commercial Harvest,Seine,,,,,,,,,,2018
10/24/2018,Silver,23821,,,,,,,Commercial Harvest,Seine,,,,,,,,,,2018
10/24/2018,Silver,18698,,,,,,,Commercial Harvest,Seine,,,,,,,,,,2018
10/24/2018,Silver,21161,,,,,,,Commercial Harvest,Seine,,,,,,,,,,2018
10/24/2018,Silver,23850,,,,,,,Commercial Harvest,Seine,,,,,,,,,,2018
10/24/2018,Silver,22506,,,,,,,Commercial Harvest,Seine,,,,,,,,,,2018
10/24/2018,Silver,20958,,,,,,,Commercial Harvest,Seine,,,,,,,,,,2018
10/24/2018,Silver,22413,,,,,,,Commercial Harvest,Seine,,,,,,,,,,2018
10/24/2018,Silver,20853,,,,,,,Commercial Harvest,Seine,,,,,,,,,,2018
10/24/2018,Silver,21995,,,,,,,Commercial Harvest,Seine,,,,,,,,,,2018
10/24/2018,Silver,22428,,,,,,,Commercial Harvest,Seine,,,,,,,,,,2018
10/24/2018,Silver,21601,,,,,,,Commercial Harvest,Seine,,,,,,,,,,2018
10/24/2018,Silver,19001,,,,,,,Commercial Harvest,Seine,,,,,,,,,,2018
10/24/2018,Silver,21981,,,,,,,Commercial Harvest,Seine,,,,,,,,,,2018
10/24/2018,Silver,23855,,,,,,,Commercial Harvest,Seine,,,,,,,,,,2018
10/24/2018,Silver,20833,,,,,,,Commercial Harvest,Seine,,,,,,,,,,2018
10/24/2018,Silver,21648,,,,,,,Commercial Harvest,Seine,,,,,,,,,,2018
10/24/2018,Silver,22513,,,,,,,Commercial Harvest,Seine,,,,,,,,,,2018
10/24/2018,Silver,24004,,,,,,,Commercial Harvest,Seine,,,,,,,,,,2018
10/24/2018,Silver,21684,,,,,,,Commercial Harvest,Seine,,,,,,,,,,2018
2/15/2019,5 Island,20818,,,,,,,Commercial Harvest,Seine,,,,,,,,,,2019
2/15/2019,5 Island,21807,,,,,,,Commercial Harvest,Seine,,,,,,,,,,2019
2/15/2019,5 Island,21264,,,,,,,Commercial Harvest,Seine,,,,,,,,,,2019
2/15/2019,5 Island,19541,,,,,,,Commercial Harvest,Seine,,,,,,,,,,2019
2/15/2019,5 Island,21501,,,,,,,Commercial Harvest,Seine,,,,,,,,,,2019
2/15/2019,5 Island,18298,,,,,,,Commercial Harvest,Seine,,,,,,,,,,2019
2/15/2019,5 Island,18130,,,,,,,Commercial Harvest,Seine,,,,,,,,,,2019
2/15/2019,5 Island,18320,,,,,,,Commercial Harvest,Seine,,,,,,,,,,2019
2/15/2019,5 Island,19427,,,,,,,Commercial Harvest,Seine,,,,,,,,,,2019
2/15/2019,5 Island,21813,,,,,,,Commercial Harvest,Seine,,,,,,,,,,2019
2/15/2019,5 Island,21970,,,,,,,Commercial Harvest,Seine,,,,,,,,,,2019
2/15/2019,5 Island,23800,,,,,,,Commercial Harvest,Seine,,,,,,,,,,2019
2/15/2019,5 Island,21811,,,,,,,Commercial Harvest,Seine,,,,,,,,,,2019
2/15/2019,5 Island,21519,,,,,,,Commercial Harvest,Seine,,,,,,,,,,2019
2/15/2019,5 Island,19468,,,,,,,Commercial Harvest,Seine,,,,,,,,,,2019
2/15/2019,5 Island,21747,,,,,,,Commercial Harvest,Seine,,,,,,,,,,2019
2/15/2019,5 Island,17835,,,,,,,Commercial Harvest,Seine,,,,,,,,,,2019
2/15/2019,5 Island,23369,,,,,,,Commercial Harvest,Seine,,,,,,,,,,2019
2/15/2019,5 Island,18243,,,,,,,Commercial Harvest,Seine,,,,,,,,,,2019
2/15/2019,5 Island,21521,,,,,,,Commercial Harvest,Seine,,,,,,,,,,2019
2/15/2019,5 Island,19592,,,,,,,Commercial Harvest,Seine,,,,,,,,,,2019
2/15/2019,5 Island,21421,,,,,,,Commercial Harvest,Seine,,,,,,,,,,2019
2/15/2019,5 Island,23575,,,,,,,Commercial Harvest,Seine,,,,,,,,,,2019
2/15/2019,5 Island,20510,,,,,,,Commercial Harvest,Seine,,,,,,,,,,2019
2/15/2019,5 Island,21417,,,,,,,Commercial Harvest,Seine,,,,,,,,,,2019
2/15/2019,5 Island,23535,,,,,,,Commercial Harvest,Seine,,,,,,,,,,2019
2/15/2019,5 Island,19486,,,,,,,Commercial Harvest,Seine,,,,,,,,,,2019
2/15/2019,5 Island,18515,,,,,,,Commercial Harvest,Seine,,,,,,,,,,2019
2/15/2019,5 Island,22288,,,,,,,Commercial Harvest,Seine,,,,,,,,,,2019
2/15/2019,5 Island,21517,,,,,,,Commercial Harvest,Seine,,,,,,,,,,2019
2/15/2019,5 Island,19605,,,,,,,Commercial Harvest,Seine,,,,,,,,,,2019
2/15/2019,5 Island,23369,,,,,,,Commercial Harvest,Seine,,,,,,,,,,2019
2/15/2019,5 Island,20818,,,,,,,Commercial Harvest,Seine,,,,,,,,,,2019
2/15/2019,5 Island,23535,,,,,,,Commercial Harvest,Seine,,,,,,,,,,2019
2/15/2019,5 Island,23800,,,,,,,Commercial Harvest,Seine,,,,,,,,,,2019
2/15/2019,5 Island,18320,,,,,,,Commercial Harvest,Seine,,,,,,,,,,2019
2/15/2019,5 Island,21807,,,,,,,Commercial Harvest,Seine,,,,,,,,,,2019
2/15/2019,5 Island,21264,,,,,,,Commercial Harvest,Seine,,,,,,,,,,2019
2/15/2019,5 Island,21417,,,,,,,Commercial Harvest,Seine,,,,,,,,,,2019
2/15/2019,5 Island,21501,,,,,,,Commercial Harvest,Seine,,,,,,,,,,2019
2/15/2019,5 Island,21519,,,,,,,Commercial Harvest,Seine,,,,,,,,,,2019
2/15/2019,5 Island,19468,,,,,,,Commercial Harvest,Seine,,,,,,,,,,2019
2/15/2019,5 Island,20510,,,,,,,Commercial Harvest,Seine,,,,,,,,,,2019
2/15/2019,5 Island,21521,,,,,,,Commercial Harvest,Seine,,,,,,,,,,2019
2/15/2019,5 Island,19541,,,,,,,Commercial Harvest,Seine,,,,,,,,,,2019
2/15/2019,5 Island,17835,,,,,,,Commercial Harvest,Seine,,,,,,,,,,2019
2/15/2019,5 Island,18243,,,,,,,Commercial Harvest,Seine,,,,,,,,,,2019
2/15/2019,5 Island,18298,,,,,,,Commercial Harvest,Seine,,,,,,,,,,2019
2/15/2019,5 Island,21747,,,,,,,Commercial Harvest,Seine,,,,,,,,,,2019
2/15/2019,5 Island,19592,,,,,,,Commercial Harvest,Seine,,,,,,,,,,2019
2/15/2019,5 Island,21813,,,,,,,Commercial Harvest,Seine,,,,,,,,,,2019
2/15/2019,5 Island,21517,,,,,,,Commercial Harvest,Seine,,,,,,,,,,2019
2/15/2019,5 Island,21421,,,,,,,Commercial Harvest,Seine,,,,,,,,,,2019
2/15/2019,5 Island,22288,,,,,,,Commercial Harvest,Seine,,,,,,,,,,2019
2/15/2019,5 Island,21811,,,,,,,Commercial Harvest,Seine,,,,,,,,,,2019
2/15/2019,5 Island,18130,,,,,,,Commercial Harvest,Seine,,,,,,,,,,2019
2/15/2019,5 Island,18515,,,,,,,Commercial Harvest,Seine,,,,,,,,,,2019
2/15/2019,5 Island,19427,,,,,,,Commercial Harvest,Seine,,,,,,,,,,2019
2/15/2019,5 Island,23575,,,,,,,Commercial Harvest,Seine,,,,,,,,,,2019
2/15/2019,5 Island,19486,,,,,,,Commercial Harvest,Seine,,,,,,,,,,2019
2/15/2019,5 Island,21970,,,,,,,Commercial Harvest,Seine,,,,,,,,,,2019
2/15/2019,5 Island,19605,,,,,,,Commercial Harvest,Seine,,,,,,,,,,2019
3/18/2019,5 Island,18417,,,,,,,Commercial Harvest,Seine,,,,,,,,,,2019
3/18/2019,5 Island,18037,,,,,,,Commercial Harvest,Seine,,,,,,,,,,2019
3/18/2019,5 Island,18382,,,,,,,Commercial Harvest,Seine,,,,,,,,,,2019
3/18/2019,5 Island,23594,,,,,,,Commercial Harvest,Seine,,,,,,,,,,2019
3/18/2019,5 Island,19586,,,,,,,Commercial Harvest,Seine,,,,,,,,,,2019
3/18/2019,5 Island,23523,,,,,,,Commercial Harvest,Seine,,,,,,,,,,2019
3/18/2019,5 Island,19676,,,,,,,Commercial Harvest,Seine,,,,,,,,,,2019
3/18/2019,5 Island,23530,,,,,,,Commercial Harvest,Seine,,,,,,,,,,2019
3/18/2019,5 Island,18131,,,,,,,Commercial Harvest,Seine,,,,,,,,,,2019
3/18/2019,5 Island,18084,,,,,,,Commercial Harvest,Seine,,,,,,,,,,2019
3/18/2019,5 Island,17860,,,,,,,Commercial Harvest,Seine,,,,,,,,,,2019
3/18/2019,5 Island,24409,,,,,,,Commercial Harvest,Seine,,,,,,,,,,2019
3/18/2019,5 Island,19243,,,,,,,Commercial Harvest,Seine,,,,,,,,,,2019
3/18/2019,5 Island,23389,,,,,,,Commercial Harvest,Seine,,,,,,,,,,2019
3/18/2019,5 Island,18290,,,,,,,Commercial Harvest,Seine,,,,,,,,,,2019
3/18/2019,5 Island,21418,,,,,,,Commercial Harvest,Seine,,,,,,,,,,2019
3/18/2019,5 Island,23225,,,,,,,Commercial Harvest,Seine,,,,,,,,,,2019
3/18/2019,5 Island,20681,,,,,,,Commercial Harvest,Seine,,,,,,,,,,2019
4/4/2019,N Twin ,15388,,,,,,,Commercial Harvest,Seine,,,,,,,,,,2019
4/4/2019,N Twin ,11108,,,,,,,Commercial Harvest,Seine,,,,,,,,,,2019
4/4/2019,N Twin ,12150,,,,,,,Commercial Harvest,Seine,,,,,,,,,,2019
4/4/2019,N Twin ,16579,,,,,,,Commercial Harvest,Seine,,,,,,,,,,2019
4/4/2019,N Twin ,11119,,,,,,,Commercial Harvest,Seine,,,,,,,,,,2019
4/4/2019,N Twin ,12929,,,,,,,Commercial Harvest,Seine,,,,,,,,,,2019
4/4/2019,N Twin ,16256,,,,,,,Commercial Harvest,Seine,,,,,,,,,,2019
4/4/2019,N Twin ,16548,,,,,,,Commercial Harvest,Seine,,,,,,,,,,2019
4/4/2019,N Twin ,14868,,,,,,,Commercial Harvest,Seine,,,,,,,,,,2019
4/4/2019,N Twin ,16593,,,,,,,Commercial Harvest,Seine,,,,,,,,,,2019
4/4/2019,N Twin ,11443,,,,,,,Commercial Harvest,Seine,,,,,,,,,,2019
4/4/2019,N Twin ,15009,,,,,,,Commercial Harvest,Seine,,,,,,,,,,2019
4/4/2019,N Twin ,14449,,,,,,,Commercial Harvest,Seine,,,,,,,,,,2019
4/4/2019,N Twin ,16465,,,,,,,Commercial Harvest,Seine,,,,,,,,,,2019
4/4/2019,N Twin ,15277,,,,,,,Commercial Harvest,Seine,,,,,,,,,,2019
4/4/2019,N Twin ,14823,,,,,,,Commercial Harvest,Seine,,,,,,,,,,2019
4/4/2019,N Twin ,14835,,,,,,,Commercial Harvest,Seine,,,,,,,,,,2019
4/4/2019,N Twin ,14481,,,,,,,Commercial Harvest,Seine,,,,,,,,,,2019
4/4/2019,N Twin ,15025,,,,,,,Commercial Harvest,Seine,,,,,,,,,,2019
4/4/2019,N Twin ,11488,,,,,,,Commercial Harvest,Seine,,,,,,,,,,2019
4/4/2019,N Twin ,15364,,,,,,,Commercial Harvest,Seine,,,,,,,,,,2019
4/4/2019,N Twin ,11184,,,,,,,Commercial Harvest,Seine,,,,,,,,,,2019
4/4/2019,N Twin ,12936,,,,,,,Commercial Harvest,Seine,,,,,,,,,,2019
4/4/2019,N Twin ,16600,,,,,,,Commercial Harvest,Seine,,,,,,,,,,2019
4/4/2019,N Twin ,14223,,,,,,,Commercial Harvest,Seine,,,,,,,,,,2019
4/4/2019,N Twin ,15363,,,,,,,Commercial Harvest,Seine,,,,,,,,,,2019
4/4/2019,N Twin ,15290,,,,,,,Commercial Harvest,Seine,,,,,,,,,,2019
4/4/2019,N Twin ,16664,,,,,,,Commercial Harvest,Seine,,,,,,,,,,2019
4/4/2019,N Twin ,12991,,,,,,,Commercial Harvest,Seine,,,,,,,,,,2019
4/4/2019,N Twin ,21877,,,,,,,Commercial Harvest,Seine,,,,,,,,,,2019
4/4/2019,N Twin ,16049,,,,,,,Commercial Harvest,Seine,,,,,,,,,,2019
4/4/2019,N Twin ,21882,,,,,,,Commercial Harvest,Seine,,,,,,,,,,2019
4/4/2019,N Twin ,5949,,,,,,,Commercial Harvest,Seine,,,,,,,,,,2019
4/4/2019,N Twin ,5502,,,,,,,Commercial Harvest,Seine,,,,,,,,,,2019
4/4/2019,N Twin ,6416,,,,,,,Commercial Harvest,Seine,,,,,,,,,,2019
4/4/2019,N Twin ,5565,,,,,,,Commercial Harvest,Seine,,,,,,,,,,2019
4/4/2019,N Twin ,5583,,,,,,,Commercial Harvest,Seine,,,,,,,,,,2019
4/4/2019,N Twin ,6349,,,,,,,Commercial Harvest,Seine,,,,,,,,,,2019
4/4/2019,N Twin ,5466,,,,,,,Commercial Harvest,Seine,,,,,,,,,,2019
4/4/2019,N Twin ,6792,,,,,,,Commercial Harvest,Seine,,,,,,,,,,2019
4/4/2019,N Twin ,5443,,,,,,,Commercial Harvest,Seine,,,,,,,,,,2019
4/4/2019,N Twin ,5413,,,,,,,Commercial Harvest,Seine,,,,,,,,,,2019
4/4/2019,N Twin ,14217,,,,,,,Commercial Harvest,Seine,,,,,,,,,,2019
4/4/2019,N Twin ,5027,,,,,,,Commercial Harvest,Seine,,,,,,,,,,2019
4/4/2019,N Twin ,5181,,,,,,,Commercial Harvest,Seine,,,,,,,,,,2019
4/4/2019,N Twin ,5584,,,,,,,Commercial Harvest,Seine,,,,,,,,,,2019
4/4/2019,N Twin ,1740,,,,,,,Commercial Harvest,Seine,,,,,,,,,,2019
4/4/2019,N Twin ,16549,,,,,,,Commercial Harvest,Seine,,,,,,,,,,2019
4/4/2019,N Twin ,6389,,,,,,,Commercial Harvest,Seine,,,,,,,,,,2019
4/4/2019,N Twin ,6309,,,,,,,Commercial Harvest,Seine,,,,,,,,,,2019
4/4/2019,N Twin ,5590,,,,,,,Commercial Harvest,Seine,,,,,,,,,,2019
4/4/2019,N Twin ,6478,,,,,,,Commercial Harvest,Seine,,,,,,,,,,2019
4/4/2019,N Twin ,5571,,,,,,,Commercial Harvest,Seine,,,,,,,,,,2019
4/4/2019,N Twin ,1631,,,,,,,Commercial Harvest,Seine,,,,,,,,,,2019
4/4/2019,N Twin ,6375,,,,,,,Commercial Harvest,Seine,,,,,,,,,,2019
4/4/2019,N Twin ,6392,,,,,,,Commercial Harvest,Seine,,,,,,,,,,2019
4/4/2019,N Twin ,6342,,,,,,,Commercial Harvest,Seine,,,,,,,,,,2019
4/4/2019,N Twin ,5050,,,,,,,Commercial Harvest,Seine,,,,,,,,,,2019
4/4/2019,N Twin ,6778,,,,,,,Commercial Harvest,Seine,,,,,,,,,,2019
4/4/2019,N Twin ,5314,,,,,,,Commercial Harvest,Seine,,,,,,,,,,2019
4/4/2019,N Twin ,16476,,,,,,,Commercial Harvest,Seine,,,,,,,,,,2019
4/4/2019,N Twin ,5015,,,,,,,Commercial Harvest,Seine,,,,,,,,,,2019
4/4/2019,N Twin ,12657,,,,,,,Commercial Harvest,Seine,,,,,,,,,,2019
4/4/2019,N Twin ,15118,,,,,,,Commercial Harvest,Seine,,,,,,,,,,2019
4/4/2019,N Twin ,14840,,,,,,,Commercial Harvest,Seine,,,,,,,,,,2019
4/4/2019,N Twin ,12975,,,,,,,Commercial Harvest,Seine,,,,,,,,,,2019
4/4/2019,N Twin ,14865,,,,,,,Commercial Harvest,Seine,,,,,,,,,,2019
4/4/2019,N Twin ,16047,,,,,,,Commercial Harvest,Seine,,,,,,,,,,2019
4/4/2019,N Twin ,11723,,,,,,,Commercial Harvest,Seine,,,,,,,,,,2019
4/4/2019,N Twin ,16106,,,,,,,Commercial Harvest,Seine,,,,,,,,,,2019
4/4/2019,N Twin ,16044,,,,,,,Commercial Harvest,Seine,,,,,,,,,,2019
4/4/2019,N Twin ,16452,,,,,,,Commercial Harvest,Seine,,,,,,,,,,2019
4/4/2019,N Twin ,15031,,,,,,,Commercial Harvest,Seine,,,,,,,,,,2019
4/4/2019,N Twin ,12829,,,,,,,Commercial Harvest,Seine,,,,,,,,,,2019
4/4/2019,N Twin ,11490,,,,,,,Commercial Harvest,Seine,,,,,,,,,,2019
4/4/2019,N Twin ,11410,,,,,,,Commercial Harvest,Seine,,,,,,,,,,2019
4/4/2019,N Twin ,14445,,,,,,,Commercial Harvest,Seine,,,,,,,,,,2019
4/4/2019,N Twin ,14456,,,,,,,Commercial Harvest,Seine,,,,,,,,,,2019
4/4/2019,N Twin ,11963,,,,,,,Commercial Harvest,Seine,,,,,,,,,,2019
4/4/2019,N Twin ,15217,,,,,,,Commercial Harvest,Seine,,,,,,,,,,2019
4/4/2019,N Twin ,15162,,,,,,,Commercial Harvest,Seine,,,,,,,,,,2019
4/4/2019,N Twin ,15278,,,,,,,Commercial Harvest,Seine,,,,,,,,,,2019
4/4/2019,N Twin ,11475,,,,,,,Commercial Harvest,Seine,,,,,,,,,,2019
4/4/2019,N Twin ,11136,,,,,,,Commercial Harvest,Seine,,,,,,,,,,2019
4/4/2019,N Twin ,14216,,,,,,,Commercial Harvest,Seine,,,,,,,,,,2019
4/4/2019,N Twin ,16586,,,,,,,Commercial Harvest,Seine,,,,,,,,,,2019
4/4/2019,N Twin ,15010,,,,,,,Commercial Harvest,Seine,,,,,,,,,,2019
4/4/2019,N Twin ,11132,,,,,,,Commercial Harvest,Seine,,,,,,,,,,2019
4/4/2019,N Twin ,11958,,,,,,,Commercial Harvest,Seine,,,,,,,,,,2019
4/4/2019,N Twin ,11106,,,,,,,Commercial Harvest,Seine,,,,,,,,,,2019
4/4/2019,N Twin ,14281,,,,,,,Commercial Harvest,Seine,,,,,,,,,,2019
4/4/2019,N Twin ,15152,,,,,,,Commercial Harvest,Seine,,,,,,,,,,2019
4/4/2019,N Twin ,11481,,,,,,,Commercial Harvest,Seine,,,,,,,,,,2019
4/4/2019,N Twin ,16497,,,,,,,Commercial Harvest,Seine,,,,,,,,,,2019
4/4/2019,N Twin ,14859,,,,,,,Commercial Harvest,Seine,,,,,,,,,,2019
4/4/2019,N Twin ,11437,,,,,,,Commercial Harvest,Seine,,,,,,,,,,2019
4/4/2019,N Twin ,16577,,,,,,,Commercial Harvest,Seine,,,,,,,,,,2019
4/4/2019,N Twin ,16663,,,,,,,Commercial Harvest,Seine,,,,,,,,,,2019
4/4/2019,N Twin ,15083,,,,,,,Commercial Harvest,Seine,,,,,,,,,,2019
4/4/2019,N Twin ,11482,,,,,,,Commercial Harvest,Seine,,,,,,,,,,2019
4/4/2019,N Twin ,14805,,,,,,,Commercial Harvest,Seine,,,,,,,,,,2019
4/4/2019,N Twin ,15243,,,,,,,Commercial Harvest,Seine,,,,,,,,,,2019
4/5/2019,N Twin ,15978,,,,,,,Commercial Harvest,Seine,,,,,,,,,,2019
4/5/2019,N Twin ,11966,,,,,,,Commercial Harvest,Seine,,,,,,,,,,2019
4/5/2019,N Twin ,5525,,,,,,,Commercial Harvest,Seine,,,,,,,,,,2019
4/5/2019,N Twin ,16059,,,,,,,Commercial Harvest,Seine,,,,,,,,,,2019
4/5/2019,N Twin ,5614,,,,,,,Commercial Harvest,Seine,,,,,,,,,,2019
4/5/2019,N Twin ,11395,,,,,,,Commercial Harvest,Seine,,,,,,,,,,2019
4/5/2019,N Twin ,16603,,,,,,,Commercial Harvest,Seine,,,,,,,,,,2019
4/5/2019,N Twin ,11901,,,,,,,Commercial Harvest,Seine,,,,,,,,,,2019
4/5/2019,N Twin ,15155,,,,,,,Commercial Harvest,Seine,,,,,,,,,,2019
4/5/2019,N Twin ,11902,,,,,,,Commercial Harvest,Seine,,,,,,,,,,2019
4/5/2019,N Twin ,16051,,,,,,,Commercial Harvest,Seine,,,,,,,,,,2019
4/5/2019,N Twin ,16578,,,,,,,Commercial Harvest,Seine,,,,,,,,,,2019
4/5/2019,N Twin ,14486,,,,,,,Commercial Harvest,Seine,,,,,,,,,,2019
4/5/2019,N Twin ,14842,,,,,,,Commercial Harvest,Seine,,,,,,,,,,2019
4/5/2019,N Twin ,14297,,,,,,,Commercial Harvest,Seine,,,,,,,,,,2019
4/5/2019,N Twin ,15361,,,,,,,Commercial Harvest,Seine,,,,,,,,,,2019
4/5/2019,N Twin ,14887,,,,,,,Commercial Harvest,Seine,,,,,,,,,,2019
4/5/2019,N Twin ,16285,,,,,,,Commercial Harvest,Seine,,,,,,,,,,2019
4/5/2019,N Twin ,6467,,,,,,,Commercial Harvest,Seine,,,,,,,,,,2019
4/5/2019,N Twin ,5519,,,,,,,Commercial Harvest,Seine,,,,,,,,,,2019
4/5/2019,N Twin ,6351,,,,,,,Commercial Harvest,Seine,,,,,,,,,,2019
4/5/2019,N Twin ,11476,,,,,,,Commercial Harvest,Seine,,,,,,,,,,2019
4/5/2019,N Twin ,11327,,,,,,,Commercial Harvest,Seine,,,,,,,,,,2019
4/5/2019,N Twin ,16626,,,,,,,Commercial Harvest,Seine,,,,,,,,,,2019
4/5/2019,N Twin ,14820,,,,,,,Commercial Harvest,Seine,,,,,,,,,,2019
4/5/2019,N Twin ,6703,,,,,,,Commercial Harvest,Seine,,,,,,,,,,2019
4/5/2019,N Twin ,12722,,,,,,,Commercial Harvest,Seine,,,,,,,,,,2019
4/5/2019,N Twin ,16495,,,,,,,Commercial Harvest,Seine,,,,,,,,,,2019
4/5/2019,N Twin ,14422,,,,,,,Commercial Harvest,Seine,,,,,,,,,,2019
4/5/2019,N Twin ,6346,,,,,,,Commercial Harvest,Seine,,,,,,,,,,2019
4/5/2019,N Twin ,14426,,,,,,,Commercial Harvest,Seine,,,,,,,,,,2019
4/5/2019,N Twin ,6231,,,,,,,Commercial Harvest,Seine,,,,,,,,,,2019
4/5/2019,N Twin ,6781,,,,,,,Commercial Harvest,Seine,,,,,,,,,,2019
4/5/2019,N Twin ,12653,,,,,,,Commercial Harvest,Seine,,,,,,,,,,2019
4/5/2019,N Twin ,5527,,,,,,,Commercial Harvest,Seine,,,,,,,,,,2019
4/5/2019,N Twin ,6442,,,,,,,Commercial Harvest,Seine,,,,,,,,,,2019
4/5/2019,N Twin ,5625,,,,,,,Commercial Harvest,Seine,,,,,,,,,,2019
4/5/2019,N Twin ,12948,,,,,,,Commercial Harvest,Seine,,,,,,,,,,2019
4/5/2019,N Twin ,14900,,,,,,,Commercial Harvest,Seine,,,,,,,,,,2019
4/5/2019,N Twin ,15041,,,,,,,Commercial Harvest,Seine,,,,,,,,,,2019
4/5/2019,N Twin ,11432,,,,,,,Commercial Harvest,Seine,,,,,,,,,,2019
4/5/2019,N Twin ,16598,,,,,,,Commercial Harvest,Seine,,,,,,,,,,2019
4/5/2019,N Twin ,16280,,,,,,,Commercial Harvest,Seine,,,,,,,,,,2019
4/5/2019,N Twin ,5560,,,,,,,Commercial Harvest,Seine,,,,,,,,,,2019
4/5/2019,N Twin ,16999,,,,,,,Commercial Harvest,Seine,,,,,,,,,,2019
4/5/2019,N Twin ,15221,,,,,,,Commercial Harvest,Seine,,,,,,,,,,2019
4/5/2019,N Twin ,16512,,,,,,,Commercial Harvest,Seine,,,,,,,,,,2019
4/5/2019,N Twin ,14853,,,,,,,Commercial Harvest,Seine,,,,,,,,,,2019
4/5/2019,N Twin ,15077,,,,,,,Commercial Harvest,Seine,,,,,,,,,,2019
4/5/2019,N Twin ,6382,,,,,,,Commercial Harvest,Seine,,,,,,,,,,2019
4/5/2019,N Twin ,11960,,,,,,,Commercial Harvest,Seine,,,,,,,,,,2019
4/5/2019,N Twin ,6403,,,,,,,Commercial Harvest,Seine,,,,,,,,,,2019
4/5/2019,N Twin ,5526,,,,,,,Commercial Harvest,Seine,,,,,,,,,,2019
4/5/2019,N Twin ,14273,,,,,,,Commercial Harvest,Seine,,,,,,,,,,2019
4/5/2019,N Twin ,15382,,,,,,,Commercial Harvest,Seine,,,,,,,,,,2019
4/5/2019,N Twin ,11130,,,,,,,Commercial Harvest,Seine,,,,,,,,,,2019
4/5/2019,N Twin ,11968,,,,,,,Commercial Harvest,Seine,,,,,,,,,,2019
4/5/2019,N Twin ,5624,,,,,,,Commercial Harvest,Seine,,,,,,,,,,2019
4/5/2019,N Twin ,14271,,,,,,,Commercial Harvest,Seine,,,,,,,,,,2019
4/5/2019,N Twin ,11378,,,,,,,Commercial Harvest,Seine,,,,,,,,,,2019
4/7/2019,N Twin ,15022,,,,,,,Commercial Harvest,Seine,,,,,,,,,,2019
4/7/2019,N Twin ,11500,,,,,,,Commercial Harvest,Seine,,,,,,,,,,2019
4/7/2019,N Twin ,12944,,,,,,,Commercial Harvest,Seine,,,,,,,,,,2019
4/7/2019,N Twin ,16590,,,,,,,Commercial Harvest,Seine,,,,,,,,,,2019
4/7/2019,N Twin ,11953,,,,,,,Commercial Harvest,Seine,,,,,,,,,,2019
4/7/2019,N Twin ,11458,,,,,,,Commercial Harvest,Seine,,,,,,,,,,2019
4/7/2019,N Twin ,11491,,,,,,,Commercial Harvest,Seine,,,,,,,,,,2019
4/7/2019,N Twin ,5616,,,,,,,Commercial Harvest,Seine,,,,,,,,,,2019
4/7/2019,N Twin ,6782,,,,,,,Commercial Harvest,Seine,,,,,,,,,,2019
4/7/2019,N Twin ,11463,,,,,,,Commercial Harvest,Seine,,,,,,,,,,2019
4/7/2019,N Twin ,1801,,,,,,,Commercial Harvest,Seine,,,,,,,,,,2019
4/7/2019,N Twin ,11485,,,,,,,Commercial Harvest,Seine,,,,,,,,,,2019
4/7/2019,N Twin ,14256,,,,,,,Commercial Harvest,Seine,,,,,,,,,,2019
4/7/2019,N Twin ,16244,,,,,,,Commercial Harvest,Seine,,,,,,,,,,2019
4/7/2019,N Twin ,11135,,,,,,,Commercial Harvest,Seine,,,,,,,,,,2019
4/7/2019,N Twin ,6368,,,,,,,Commercial Harvest,Seine,,,,,,,,,,2019
4/7/2019,N Twin ,16483,,,,,,,Commercial Harvest,Seine,,,,,,,,,,2019
4/7/2019,N Twin ,16403,,,,,,,Commercial Harvest,Seine,,,,,,,,,,2019
4/7/2019,N Twin ,5617,,,,,,,Commercial Harvest,Seine,,,,,,,,,,2019
4/7/2019,N Twin ,12117,,,,,,,Commercial Harvest,Seine,,,,,,,,,,2019
4/7/2019,N Twin ,6366,,,,,,,Commercial Harvest,Seine,,,,,,,,,,2019
4/7/2019,N Twin ,6702,,,,,,,Commercial Harvest,Seine,,,,,,,,,,2019
4/7/2019,N Twin ,5450,,,,,,,Commercial Harvest,Seine,,,,,,,,,,2019
4/7/2019,N Twin ,15233,,,,,,,Commercial Harvest,Seine,,,,,,,,,,2019
4/7/2019,N Twin ,14459,,,,,,,Commercial Harvest,Seine,,,,,,,,,,2019
4/7/2019,N Twin ,5618,,,,,,,Commercial Harvest,Seine,,,,,,,,,,2019
4/7/2019,N Twin ,11965,,,,,,,Commercial Harvest,Seine,,,,,,,,,,2019
4/7/2019,N Twin ,11459,,,,,,,Commercial Harvest,Seine,,,,,,,,,,2019
4/7/2019,N Twin ,5505,,,,,,,Commercial Harvest,Seine,,,,,,,,,,2019
4/7/2019,N Twin ,11401,,,,,,,Commercial Harvest,Seine,,,,,,,,,,2019
4/7/2019,N Twin ,6468,,,,,,,Commercial Harvest,Seine,,,,,,,,,,2019
4/7/2019,N Twin ,5557,,,,,,,Commercial Harvest,Seine,,,,,,,,,,2019
4/7/2019,N Twin ,12986,,,,,,,Commercial Harvest,Seine,,,,,,,,,,2019
4/7/2019,N Twin ,5453,,,,,,,Commercial Harvest,Seine,,,,,,,,,,2019
4/7/2019,N Twin ,12965,,,,,,,Commercial Harvest,Seine,,,,,,,,,,2019
4/7/2019,N Twin ,1778,,,,,,,Commercial Harvest,Seine,,,,,,,,,,2019
4/7/2019,N Twin ,5024,,,,,,,Commercial Harvest,Seine,,,,,,,,,,2019
4/7/2019,N Twin ,14860,,,,,,,Commercial Harvest,Seine,,,,,,,,,,2019
4/7/2019,N Twin ,15276,,,,,,,Commercial Harvest,Seine,,,,,,,,,,2019
4/7/2019,N Twin ,5169,,,,,,,Commercial Harvest,Seine,,,,,,,,,,2019
4/7/2019,N Twin ,1732,,,,,,,Commercial Harvest,Seine,,,,,,,,,,2019
4/8/2019,N Twin ,11379,,,,,,,Commercial Harvest,Seine,,,,,,,,,,2019
4/8/2019,N Twin ,16234,,,,,,,Commercial Harvest,Seine,,,,,,,,,,2019
4/8/2019,N Twin ,11133,,,,,,,Commercial Harvest,Seine,,,,,,,,,,2019
4/8/2019,N Twin ,11104,,,,,,,Commercial Harvest,Seine,,,,,,,,,,2019
4/8/2019,N Twin ,11457,,,,,,,Commercial Harvest,Seine,,,,,,,,,,2019
4/8/2019,N Twin ,11961,,,,,,,Commercial Harvest,Seine,,,,,,,,,,2019
4/8/2019,N Twin ,6741,,,,,,,Commercial Harvest,Seine,,,,,,,,,,2019
4/8/2019,N Twin ,15026,,,,,,,Commercial Harvest,Seine,,,,,,,,,,2019
4/8/2019,N Twin ,14443,,,,,,,Commercial Harvest,Seine,,,,,,,,,,2019
4/8/2019,N Twin ,5200,,,,,,,Commercial Harvest,Seine,,,,,,,,,,2019
4/8/2019,N Twin ,11903,,,,,,,Commercial Harvest,Seine,,,,,,,,,,2019
4/8/2019,N Twin ,6227,,,,,,,Commercial Harvest,Seine,,,,,,,,,,2019
4/8/2019,N Twin ,6364,,,,,,,Commercial Harvest,Seine,,,,,,,,,,2019
4/8/2019,N Twin ,11366,,,,,,,Commercial Harvest,Seine,,,,,,,,,,2019
4/8/2019,N Twin ,14495,,,,,,,Commercial Harvest,Seine,,,,,,,,,,2019
4/8/2019,N Twin ,16297,,,,,,,Commercial Harvest,Seine,,,,,,,,,,2019
4/8/2019,N Twin ,11456,,,,,,,Commercial Harvest,Seine,,,,,,,,,,2019
4/8/2019,N Twin ,16281,,,,,,,Commercial Harvest,Seine,,,,,,,,,,2019
4/8/2019,N Twin ,11495,,,,,,,Commercial Harvest,Seine,,,,,,,,,,2019
4/8/2019,N Twin ,15210,,,,,,,Commercial Harvest,Seine,,,,,,,,,,2019
4/8/2019,N Twin ,5511,,,,,,,Commercial Harvest,Seine,,,,,,,,,,2019
4/8/2019,N Twin ,11388,,,,,,,Commercial Harvest,Seine,,,,,,,,,,2019
4/8/2019,N Twin ,6772,,,,,,,Commercial Harvest,Seine,,,,,,,,,,2019
4/8/2019,N Twin ,15119,,,,,,,Commercial Harvest,Seine,,,,,,,,,,2019
4/8/2019,N Twin ,11455,,,,,,,Commercial Harvest,Seine,,,,,,,,,,2019
4/8/2019,N Twin ,16272,,,,,,,Commercial Harvest,Seine,,,,,,,,,,2019
4/8/2019,N Twin ,16510,,,,,,,Commercial Harvest,Seine,,,,,,,,,,2019
4/8/2019,N Twin ,14291,,,,,,,Commercial Harvest,Seine,,,,,,,,,,2019
4/8/2019,N Twin ,16094,,,,,,,Commercial Harvest,Seine,,,,,,,,,,2019
4/8/2019,N Twin ,11908,,,,,,,Commercial Harvest,Seine,,,,,,,,,,2019
4/8/2019,N Twin ,15053,,,,,,,Commercial Harvest,Seine,,,,,,,,,,2019
4/8/2019,N Twin ,14437,,,,,,,Commercial Harvest,Seine,,,,,,,,,,2019
4/8/2019,N Twin ,16448,,,,,,,Commercial Harvest,Seine,,,,,,,,,,2019
4/8/2019,N Twin ,13937,,,,,,,Commercial Harvest,Seine,,,,,,,,,,2019
4/8/2019,N Twin ,11494,,,,,,,Commercial Harvest,Seine,,,,,,,,,,2019
4/8/2019,N Twin ,16042,,,,,,,Commercial Harvest,Seine,,,,,,,,,,2019
4/8/2019,N Twin ,6435,,,,,,,Commercial Harvest,Seine,,,,,,,,,,2019
4/8/2019,N Twin ,16042,,,,,,,Commercial Harvest,Seine,,,,,,,,,,2019
4/8/2019,N Twin ,6435,,,,,,,Commercial Harvest,Seine,,,,,,,,,,2019
4/8/2019,N Twin ,16581,,,,,,,Commercial Harvest,Seine,,,,,,,,,,2019
4/8/2019,N Twin ,16427,,,,,,,Commercial Harvest,Seine,,,,,,,,,,2019
4/8/2019,N Twin ,16021,,,,,,,Commercial Harvest,Seine,,,,,,,,,,2019
4/8/2019,N Twin ,15156,,,,,,,Commercial Harvest,Seine,,,,,,,,,,2019
4/8/2019,N Twin ,6775,,,,,,,Commercial Harvest,Seine,,,,,,,,,,2019
4/8/2019,N Twin ,16454,,,,,,,Commercial Harvest,Seine,,,,,,,,,,2019
4/8/2019,N Twin ,12941,,,,,,,Commercial Harvest,Seine,,,,,,,,,,2019
4/8/2019,N Twin ,16224,,,,,,,Commercial Harvest,Seine,,,,,,,,,,2019
4/8/2019,N Twin ,14841,,,,,,,Commercial Harvest,Seine,,,,,,,,,,2019
4/8/2019,N Twin ,16982,,,,,,,Commercial Harvest,Seine,,,,,,,,,,2019
4/8/2019,N Twin ,11397,,,,,,,Commercial Harvest,Seine,,,,,,,,,,2019
4/8/2019,N Twin ,16046,,,,,,,Commercial Harvest,Seine,,,,,,,,,,2019
4/8/2019,N Twin ,12966,,,,,,,Commercial Harvest,Seine,,,,,,,,,,2019
4/8/2019,N Twin ,11479,,,,,,,Commercial Harvest,Seine,,,,,,,,,,2019
4/8/2019,N Twin ,12115,,,,,,,Commercial Harvest,Seine,,,,,,,,,,2019
4/8/2019,N Twin ,11134,,,,,,,Commercial Harvest,Seine,,,,,,,,,,2019
4/8/2019,N Twin ,15113,,,,,,,Commercial Harvest,Seine,,,,,,,,,,2019
4/8/2019,N Twin ,14478,,,,,,,Commercial Harvest,Seine,,,,,,,,,,2019
4/8/2019,N Twin ,12672,,,,,,,Commercial Harvest,Seine,,,,,,,,,,2019
4/8/2019,N Twin ,11428,,,,,,,Commercial Harvest,Seine,,,,,,,,,,2019
4/8/2019,N Twin ,14249,,,,,,,Commercial Harvest,Seine,,,,,,,,,,2019
4/8/2019,N Twin ,5621,,,,,,,Commercial Harvest,Seine,,,,,,,,,,2019
4/8/2019,N Twin ,11361,,,,,,,Commercial Harvest,Seine,,,,,,,,,,2019
4/8/2019,N Twin ,15137,,,,,,,Commercial Harvest,Seine,,,,,,,,,,2019
4/9/2019,N Twin ,5451,,,,,,,Commercial Harvest,Seine,,,,,,,,,,2019
4/9/2019,N Twin ,1746,,,,,,,Commercial Harvest,Seine,,,,,,,,,,2019
4/9/2019,N Twin ,5193,,,,,,,Commercial Harvest,Seine,,,,,,,,,,2019
4/9/2019,N Twin ,15223,,,,,,,Commercial Harvest,Seine,,,,,,,,,,2019
4/9/2019,N Twin ,5168,,,,,,,Commercial Harvest,Seine,,,,,,,,,,2019
4/9/2019,N Twin ,11102,,,,,,,Commercial Harvest,Seine,,,,,,,,,,2019
4/9/2019,N Twin ,12640,,,,,,,Commercial Harvest,Seine,,,,,,,,,,2019
4/9/2019,N Twin ,13746,,,,,,,Commercial Harvest,Seine,,,,,,,,,,2019
4/9/2019,N Twin ,16243,,,,,,,Commercial Harvest,Seine,,,,,,,,,,2019
4/9/2019,N Twin ,5569,,,,,,,Commercial Harvest,Seine,,,,,,,,,,2019
4/9/2019,N Twin ,12993,,,,,,,Commercial Harvest,Seine,,,,,,,,,,2019
4/9/2019,N Twin ,16015,,,,,,,Commercial Harvest,Seine,,,,,,,,,,2019
4/9/2019,N Twin ,14474,,,,,,,Commercial Harvest,Seine,,,,,,,,,,2019
4/9/2019,N Twin ,12930,,,,,,,Commercial Harvest,Seine,,,,,,,,,,2019
4/9/2019,N Twin ,16554,,,,,,,Commercial Harvest,Seine,,,,,,,,,,2019
4/9/2019,N Twin ,16575,,,,,,,Commercial Harvest,Seine,,,,,,,,,,2019
4/9/2019,N Twin ,1654,,,,,,,Commercial Harvest,Seine,,,,,,,,,,2019
4/9/2019,N Twin ,11477,,,,,,,Commercial Harvest,Seine,,,,,,,,,,2019
4/9/2019,N Twin ,15334,,,,,,,Commercial Harvest,Seine,,,,,,,,,,2019
4/9/2019,N Twin ,12638,,,,,,,Commercial Harvest,Seine,,,,,,,,,,2019
4/9/2019,N Twin ,11139,,,,,,,Commercial Harvest,Seine,,,,,,,,,,2019
4/9/2019,N Twin ,11425,,,,,,,Commercial Harvest,Seine,,,,,,,,,,2019
4/9/2019,N Twin ,16559,,,,,,,Commercial Harvest,Seine,,,,,,,,,,2019
4/9/2019,N Twin ,15354,,,,,,,Commercial Harvest,Seine,,,,,,,,,,2019
4/9/2019,N Twin ,21884,,,,,,,Commercial Harvest,Seine,,,,,,,,,,2019
4/9/2019,N Twin ,1656,,,,,,,Commercial Harvest,Seine,,,,,,,,,,2019
4/9/2019,N Twin ,15170,,,,,,,Commercial Harvest,Seine,,,,,,,,,,2019
4/9/2019,N Twin ,16531,,,,,,,Commercial Harvest,Seine,,,,,,,,,,2019
4/9/2019,N Twin ,6749,,,,,,,Commercial Harvest,Seine,,,,,,,,,,2019
4/9/2019,N Twin ,5012,,,,,,,Commercial Harvest,Seine,,,,,,,,,,2019
4/9/2019,N Twin ,15075,,,,,,,Commercial Harvest,Seine,,,,,,,,,,2019
4/9/2019,N Twin ,12120,,,,,,,Commercial Harvest,Seine,,,,,,,,,,2019
4/9/2019,N Twin ,11430,,,,,,,Commercial Harvest,Seine,,,,,,,,,,2019
4/9/2019,N Twin ,6796,,,,,,,Commercial Harvest,Seine,,,,,,,,,,2019
4/9/2019,N Twin ,12675,,,,,,,Commercial Harvest,Seine,,,,,,,,,,2019
4/9/2019,N Twin ,16535,,,,,,,Commercial Harvest,Seine,,,,,,,,,,2019
4/9/2019,N Twin ,21885,,,,,,,Commercial Harvest,Seine,,,,,,,,,,2019
4/9/2019,N Twin ,6747,,,,,,,Commercial Harvest,Seine,,,,,,,,,,2019
4/9/2019,N Twin ,11412,,,,,,,Commercial Harvest,Seine,,,,,,,,,,2019
4/9/2019,N Twin ,5575,,,,,,,Commercial Harvest,Seine,,,,,,,,,,2019
4/9/2019,N Twin ,6712,,,,,,,Commercial Harvest,Seine,,,,,,,,,,2019
4/9/2019,N Twin ,16201,,,,,,,Commercial Harvest,Seine,,,,,,,,,,2019
4/9/2019,5 Island,23211,,,,,,,Commercial Harvest,Seine,,,,,,,,,,2019
4/27/2019,Center,23894,,,,,,,Commercial Harvest,Seine,,,,,,,,,,2019
4/27/2019,Center,17174,,,,,,,Commercial Harvest,Seine,,,,,,,,,,2019
4/27/2019,Center,23665,,,,,,,Commercial Harvest,Seine,,,,,,,,,,2019
4/27/2019,Center,16341,,,,,,,Commercial Harvest,Seine,,,,,,,,,,2019
4/27/2019,Center,17176,,,,,,,Commercial Harvest,Seine,,,,,,,,,,2019
4/27/2019,Center,23662,,,,,,,Commercial Harvest,Seine,,,,,,,,,,2019
4/27/2019,Center,20731,,,,,,,Commercial Harvest,Seine,,,,,,,,,,2019
4/27/2019,Center,20599,,,,,,,Commercial Harvest,Seine,,,,,,,,,,2019
4/27/2019,Center,20588,,,,,,,Commercial Harvest,Seine,,,,,,,,,,2019
4/27/2019,Center,23697,,,,,,,Commercial Harvest,Seine,,,,,,,,,,2019
4/27/2019,Center,23548,,,,,,,Commercial Harvest,Seine,,,,,,,,,,2019
4/27/2019,Center,20223,,,,,,,Commercial Harvest,Seine,,,,,,,,,,2019
4/27/2019,Center,20605,,,,,,,Commercial Harvest,Seine,,,,,,,,,,2019
4/27/2019,Center,23783,,,,,,,Commercial Harvest,Seine,,,,,,,,,,2019
4/27/2019,Center,2954,,,,,,,Commercial Harvest,Seine,,,,,,,,,,2019
4/27/2019,Center,16337,,,,,,,Commercial Harvest,Seine,,,,,,,,,,2019
4/27/2019,Center,21481,,,,,,,Commercial Harvest,Seine,,,,,,,,,,2019
4/27/2019,Center,18619,,,,,,,Commercial Harvest,Seine,,,,,,,,,,2019
4/27/2019,Center,23566,,,,,,,Commercial Harvest,Seine,,,,,,,,,,2019
4/27/2019,Center,23648,,,,,,,Commercial Harvest,Seine,,,,,,,,,,2019
4/27/2019,Center,23654,,,,,,,Commercial Harvest,Seine,,,,,,,,,,2019
4/27/2019,Center,23644,,,,,,,Commercial Harvest,Seine,,,,,,,,,,2019
4/27/2019,Center,4155,,,,,,,Commercial Harvest,Seine,,,,,,,,,,2019
4/27/2019,Center,16387,,,,,,,Commercial Harvest,Seine,,,,,,,,,,2019
4/27/2019,Center,23660,,,,,,,Commercial Harvest,Seine,,,,,,,,,,2019
4/27/2019,Center,23643,,,,,,,Commercial Harvest,Seine,,,,,,,,,,2019
4/27/2019,Center,23874,,,,,,,Commercial Harvest,Seine,,,,,,,,,,2019
4/27/2019,Center,23702,,,,,,,Commercial Harvest,Seine,,,,,,,,,,2019
4/27/2019,Center,23617,,,,,,,Commercial Harvest,Seine,,,,,,,,,,2019
4/27/2019,Center,21483,,,,,,,Commercial Harvest,Seine,,,,,,,,,,2019
4/27/2019,Center,23552,,,,,,,Commercial Harvest,Seine,,,,,,,,,,2019
4/27/2019,Center,23653,,,,,,,Commercial Harvest,Seine,,,,,,,,,,2019
4/27/2019,Center,23879,,,,,,,Commercial Harvest,Seine,,,,,,,,,,2019
4/27/2019,Center,23624,,,,,,,Commercial Harvest,Seine,,,,,,,,,,2019
4/27/2019,Center,444,,,,,,,Commercial Harvest,Seine,,,,,,,,,,2019
4/27/2019,Center,537,,,,,,,Commercial Harvest,Seine,,,,,,,,,,2019
4/27/2019,Center,23561,,,,,,,Commercial Harvest,Seine,,,,,,,,,,2019
4/27/2019,Center,23782,,,,,,,Commercial Harvest,Seine,,,,,,,,,,2019
4/27/2019,Center,23631,,,,,,,Commercial Harvest,Seine,,,,,,,,,,2019
4/27/2019,Center,19953,,,,,,,Commercial Harvest,Seine,,,,,,,,,,2019
4/27/2019,Center,459,,,,,,,Commercial Harvest,Seine,,,,,,,,,,2019
4/27/2019,Center,23768,,,,,,,Commercial Harvest,Seine,,,,,,,,,,2019
4/27/2019,Center,23876,,,,,,,Commercial Harvest,Seine,,,,,,,,,,2019
4/27/2019,Center,20578,,,,,,,Commercial Harvest,Seine,,,,,,,,,,2019
4/27/2019,Center,20728,,,,,,,Commercial Harvest,Seine,,,,,,,,,,2019
4/27/2019,Center,23778,,,,,,,Commercial Harvest,Seine,,,,,,,,,,2019
4/27/2019,Center,23899,,,,,,,Commercial Harvest,Seine,,,,,,,,,,2019
4/27/2019,Center,20909,,,,,,,Commercial Harvest,Seine,,,,,,,,,,2019
4/27/2019,Center,22539,,,,,,,Commercial Harvest,Seine,,,,,,,,,,2019
4/27/2019,Center,23691,,,,,,,Commercial Harvest,Seine,,,,,,,,,,2019
4/27/2019,Center,21480,,,,,,,Commercial Harvest,Seine,,,,,,,,,,2019
4/27/2019,Center,23564,,,,,,,Commercial Harvest,Seine,,,,,,,,,,2019
4/27/2019,Center,594,,,,,,,Commercial Harvest,Seine,,,,,,,,,,2019
4/27/2019,Center,18608,,,,,,,Commercial Harvest,Seine,,,,,,,,,,2019
4/27/2019,Center,23642,,,,,,,Commercial Harvest,Seine,,,,,,,,,,2019
5/3/2019,S Twin,14609,,,,,,,Hart Farm ,,,,,,,,,,,2019
5/3/2019,S Twin,6177,,,,,,,Hart Farm ,,,,,,,,,,,2019
5/3/2019,S Twin,13558,,,,,,,Hart Farm ,,,,,,,,,,,2019
5/4/2019,S Twin,6177,,,,,,,Hart Farm ,,,,,,,,,,,2019
5/5/2019,S Twin,13558,,,,,,,Hart Farm ,,,,,,,,,,,2019
5/16/2019,N Twin ,16501,,,,,,,Commercial Harvest,Seine,,,,,,,,,,2019
5/16/2019,N Twin ,5748,,,,,,,Commercial Harvest,Seine,,,,,,,,,,2019
5/16/2019,N Twin ,14894,,,,,,,Commercial Harvest,Seine,,,,,,,,,,2019
5/16/2019,N Twin ,15008,,,,,,,Commercial Harvest,Seine,,,,,,,,,,2019
5/16/2019,N Twin ,15067,,,,,,,Commercial Harvest,Seine,,,,,,,,,,2019
5/16/2019,N Twin ,14497,,,,,,,Commercial Harvest,Seine,,,,,,,,,,2019
5/16/2019,N Twin ,13730,,,,,,,Commercial Harvest,Seine,,,,,,,,,,2019
5/16/2019,N Twin ,6721,,,,,,,Commercial Harvest,Seine,,,,,,,,,,2019
5/16/2019,N Twin ,11342,,,,,,,Commercial Harvest,Seine,,,,,,,,,,2019
5/16/2019,N Twin ,12656,,,,,,,Commercial Harvest,Seine,,,,,,,,,,2019
5/16/2019,N Twin ,11492,,,,,,,Commercial Harvest,Seine,,,,,,,,,,2019
5/16/2019,N Twin ,16570,,,,,,,Commercial Harvest,Seine,,,,,,,,,,2019
5/16/2019,N Twin ,5518,,,,,,,Commercial Harvest,Seine,,,,,,,,,,2019
5/16/2019,N Twin ,15287,,,,,,,Commercial Harvest,Seine,,,,,,,,,,2019
5/16/2019,N Twin ,11330,,,,,,,Commercial Harvest,Seine,,,,,,,,,,2019
5/16/2019,N Twin ,16467,,,,,,,Commercial Harvest,Seine,,,,,,,,,,2019
5/16/2019,N Twin ,21894,,,,,,,Commercial Harvest,Seine,,,,,,,,,,2019
5/16/2019,N Twin ,14809,,,,,,,Commercial Harvest,Seine,,,,,,,,,,2019
5/16/2019,N Twin ,16037,,,,,,,Commercial Harvest,Seine,,,,,,,,,,2019
5/16/2019,N Twin ,11123,,,,,,,Commercial Harvest,Seine,,,,,,,,,,2019
5/16/2019,N Twin ,6629,,,,,,,Commercial Harvest,Seine,,,,,,,,,,2019
5/16/2019,N Twin ,16212,,,,,,,Commercial Harvest,Seine,,,,,,,,,,2019
5/16/2019,N Twin ,11305,,,,,,,Commercial Harvest,Seine,,,,,,,,,,2019
5/16/2019,N Twin ,16557,,,,,,,Commercial Harvest,Seine,,,,,,,,,,2019
5/16/2019,N Twin ,16284,,,,,,,Commercial Harvest,Seine,,,,,,,,,,2019
5/16/2019,N Twin ,15306,,,,,,,Commercial Harvest,Seine,,,,,,,,,,2019
5/16/2019,N Twin ,16471,,,,,,,Commercial Harvest,Seine,,,,,,,,,,2019
5/16/2019,N Twin ,16087,,,,,,,Commercial Harvest,Seine,,,,,,,,,,2019
5/16/2019,N Twin ,16607,,,,,,,Commercial Harvest,Seine,,,,,,,,,,2019
5/16/2019,N Twin ,4677,,,,,,,Commercial Harvest,Seine,,,,,,,,,,2019
5/16/2019,N Twin ,15096,,,,,,,Commercial Harvest,Seine,,,,,,,,,,2019
5/16/2019,N Twin ,5559,,,,,,,Commercial Harvest,Seine,,,,,,,,,,2019
5/16/2019,N Twin ,14879,,,,,,,Commercial Harvest,Seine,,,,,,,,,,2019
5/16/2019,N Twin ,15393,,,,,,,Commercial Harvest,Seine,,,,,,,,,,2019
5/16/2019,N Twin ,15326,,,,,,,Commercial Harvest,Seine,,,,,,,,,,2019
5/16/2019,N Twin ,11436,,,,,,,Commercial Harvest,Seine,,,,,,,,,,2019
5/16/2019,N Twin ,15298,,,,,,,Commercial Harvest,Seine,,,,,,,,,,2019
5/16/2019,N Twin ,16546,,,,,,,Commercial Harvest,Seine,,,,,,,,,,2019
5/16/2019,N Twin ,14725,,,,,,,Commercial Harvest,Seine,,,,,,,,,,2019
5/16/2019,N Twin ,15068,,,,,,,Commercial Harvest,Seine,,,,,,,,,,2019
5/16/2019,N Twin ,14289,,,,,,,Commercial Harvest,Seine,,,,,,,,,,2019
5/16/2019,N Twin ,15219,,,,,,,Commercial Harvest,Seine,,,,,,,,,,2019
5/16/2019,N Twin ,15292,,,,,,,Commercial Harvest,Seine,,,,,,,,,,2019
5/16/2019,N Twin ,16075,,,,,,,Commercial Harvest,Seine,,,,,,,,,,2019
5/16/2019,N Twin ,6635,,,,,,,Commercial Harvest,Seine,,,,,,,,,,2019
5/16/2019,N Twin ,15091,,,,,,,Commercial Harvest,Seine,,,,,,,,,,2019
5/16/2019,N Twin ,16365,,,,,,,Commercial Harvest,Seine,,,,,,,,,,2019
5/16/2019,N Twin ,16265,,,,,,,Commercial Harvest,Seine,,,,,,,,,,2019
5/16/2019,N Twin ,6724,,,,,,,Commercial Harvest,Seine,,,,,,,,,,2019
5/16/2019,N Twin ,16487,,,,,,,Commercial Harvest,Seine,,,,,,,,,,2019
5/16/2019,N Twin ,11354,,,,,,,Commercial Harvest,Seine,,,,,,,,,,2019
5/16/2019,N Twin ,1676,,,,,,,Commercial Harvest,Seine,,,,,,,,,,2019
5/16/2019,N Twin ,5439,,,,,,,Commercial Harvest,Seine,,,,,,,,,,2019
5/16/2019,N Twin ,14436,,,,,,,Commercial Harvest,Seine,,,,,,,,,,2019
5/16/2019,N Twin ,6708,,,,,,,Commercial Harvest,Seine,,,,,,,,,,2019
5/16/2019,N Twin ,11307,,,,,,,Commercial Harvest,Seine,,,,,,,,,,2019
5/16/2019,N Twin ,15240,,,,,,,Commercial Harvest,Seine,,,,,,,,,,2019
5/16/2019,N Twin ,1605,,,,,,,Commercial Harvest,Seine,,,,,,,,,,2019
5/16/2019,N Twin ,12940,,,,,,,Commercial Harvest,Seine,,,,,,,,,,2019
5/16/2019,N Twin ,15324,,,,,,,Commercial Harvest,Seine,,,,,,,,,,2019
5/16/2019,N Twin ,16517,,,,,,,Commercial Harvest,Seine,,,,,,,,,,2019
5/16/2019,N Twin ,15138,,,,,,,Commercial Harvest,Seine,,,,,,,,,,2019
5/16/2019,N Twin ,11302,,,,,,,Commercial Harvest,Seine,,,,,,,,,,2019
5/16/2019,N Twin ,11310,,,,,,,Commercial Harvest,Seine,,,,,,,,,,2019
5/16/2019,N Twin ,15263,,,,,,,Commercial Harvest,Seine,,,,,,,,,,2019
5/17/2019,N Twin ,11326,,,,,,,Commercial Harvest,Seine,,,,,,,,,,2019
5/17/2019,N Twin ,11389,,,,,,,Commercial Harvest,Seine,,,,,,,,,,2019
5/17/2019,N Twin ,11453,,,,,,,Commercial Harvest,Seine,,,,,,,,,,2019
5/17/2019,N Twin ,16543,,,,,,,Commercial Harvest,Seine,,,,,,,,,,2019
5/17/2019,N Twin ,14297,,,,,,,Commercial Harvest,Seine,,,,,,,,,,2019
5/17/2019,N Twin ,15255,,,,,,,Commercial Harvest,Seine,,,,,,,,,,2019
5/17/2019,N Twin ,16912,,,,,,,Commercial Harvest,Seine,,,,,,,,,,2019
5/17/2019,N Twin ,15299,,,,,,,Commercial Harvest,Seine,,,,,,,,,,2019
5/17/2019,N Twin ,5442,,,,,,,Commercial Harvest,Seine,,,,,,,,,,2019
5/17/2019,N Twin ,16550,,,,,,,Commercial Harvest,Seine,,,,,,,,,,2019
5/17/2019,N Twin ,14295,,,,,,,Commercial Harvest,Seine,,,,,,,,,,2019
5/17/2019,N Twin ,16516,,,,,,,Commercial Harvest,Seine,,,,,,,,,,2019
5/17/2019,N Twin ,3517,,,,,,,Commercial Harvest,Seine,,,,,,,,,,2019
5/17/2019,N Twin ,15015,,,,,,,Commercial Harvest,Seine,,,,,,,,,,2019
5/17/2019,N Twin ,15142,,,,,,,Commercial Harvest,Seine,,,,,,,,,,2019
5/17/2019,N Twin ,14252,,,,,,,Commercial Harvest,Seine,,,,,,,,,,2019
5/17/2019,N Twin ,11365,,,,,,,Commercial Harvest,Seine,,,,,,,,,,2019
5/17/2019,N Twin ,16511,,,,,,,Commercial Harvest,Seine,,,,,,,,,,2019
5/17/2019,N Twin ,16100,,,,,,,Commercial Harvest,Seine,,,,,,,,,,2019
5/17/2019,N Twin ,16569,,,,,,,Commercial Harvest,Seine,,,,,,,,,,2019
5/17/2019,N Twin ,14267,,,,,,,Commercial Harvest,Seine,,,,,,,,,,2019
5/17/2019,N Twin ,14890,,,,,,,Commercial Harvest,Seine,,,,,,,,,,2019
5/17/2019,N Twin ,14260,,,,,,,Commercial Harvest,Seine,,,,,,,,,,2019
5/17/2019,N Twin ,16492,,,,,,,Commercial Harvest,Seine,,,,,,,,,,2019
5/17/2019,N Twin ,12652,,,,,,,Commercial Harvest,Seine,,,,,,,,,,2019
5/17/2019,N Twin ,12958,,,,,,,Commercial Harvest,Seine,,,,,,,,,,2019
5/17/2019,N Twin ,15130,,,,,,,Commercial Harvest,Seine,,,,,,,,,,2019
5/17/2019,N Twin ,14488,,,,,,,Commercial Harvest,Seine,,,,,,,,,,2019
5/17/2019,N Twin ,15164,,,,,,,Commercial Harvest,Seine,,,,,,,,,,2019
5/17/2019,N Twin ,14269,,,,,,,Commercial Harvest,Seine,,,,,,,,,,2019
5/17/2019,N Twin ,11496,,,,,,,Commercial Harvest,Seine,,,,,,,,,,2019
5/17/2019,N Twin ,15023,,,,,,,Commercial Harvest,Seine,,,,,,,,,,2019
5/17/2019,N Twin ,5447,,,,,,,Commercial Harvest,Seine,,,,,,,,,,2019
5/17/2019,N Twin ,15264,,,,,,,Commercial Harvest,Seine,,,,,,,,,,2019
5/17/2019,N Twin ,12610,,,,,,,Commercial Harvest,Seine,,,,,,,,,,2019
5/17/2019,N Twin ,12609,,,,,,,Commercial Harvest,Seine,,,,,,,,,,2019
5/17/2019,N Twin ,12850,,,,,,,Commercial Harvest,Seine,,,,,,,,,,2019
5/17/2019,N Twin ,6301,,,,,,,Commercial Harvest,Seine,,,,,,,,,,2019
5/17/2019,N Twin ,6732,,,,,,,Commercial Harvest,Seine,,,,,,,,,,2019
5/17/2019,N Twin ,11175,,,,,,,Commercial Harvest,Seine,,,,,,,,,,2019
5/17/2019,N Twin ,11484,,,,,,,Commercial Harvest,Seine,,,,,,,,,,2019
5/17/2019,N Twin ,6764,,,,,,,Commercial Harvest,Seine,,,,,,,,,,2019
5/17/2019,N Twin ,6714,,,,,,,Commercial Harvest,Seine,,,,,,,,,,2019
5/17/2019,N Twin ,12651,,,,,,,Commercial Harvest,Seine,,,,,,,,,,2019
5/17/2019,N Twin ,15249,,,,,,,Commercial Harvest,Seine,,,,,,,,,,2019
5/22/2019,5 Island,18108,,,,,,,Commercial Harvest,Seine,,,,,,,,,,2019
5/22/2019,5 Island,21969,,,,,,,Commercial Harvest,Seine,,,,,,,,,,2019
5/22/2019,5 Island,18119,,,,,,,Commercial Harvest,Seine,,,,,,,,,,2019
5/22/2019,5 Island,20811,,,,,,,Commercial Harvest,Seine,,,,,,,,,,2019
5/22/2019,5 Island,21528,,,,,,,Commercial Harvest,Seine,,,,,,,,,,2019
5/22/2019,5 Island,19382,,,,,,,Commercial Harvest,Seine,,,,,,,,,,2019
5/22/2019,5 Island,20220,,,,,,,Commercial Harvest,Seine,,,,,,,,,,2019
5/22/2019,5 Island,18247,,,,,,,Commercial Harvest,Seine,,,,,,,,,,2019
11/5/2019,Silver,29705,,,,,,,Commercial Harvest,Seine,,,,,,,,,,2019
11/5/2019,Silver,21053,,,,,,,Commercial Harvest,Seine,,,,,,,,,,2019
11/5/2019,Silver,19750,,,,,,,Commercial Harvest,Seine,,,,,,,,,,2019
11/5/2019,Silver,23811,,,,,,,Commercial Harvest,Seine,,,,,,,,,,2019
11/5/2019,Silver,21034,,,,,,,Commercial Harvest,Seine,,,,,,,,,,2019
11/5/2019,Silver,25003,,,,,,,Commercial Harvest,Seine,,,,,,,,,,2019
11/5/2019,Silver,25016,,,,,,,Commercial Harvest,Seine,,,,,,,,,,2019
11/5/2019,Silver,22412,,,,,,,Commercial Harvest,Seine,,,,,,,,,,2019
11/5/2019,Silver,26079,,,,,,,Commercial Harvest,Seine,,,,,,,,,,2019
11/5/2019,Silver,25006,,,,,,,Commercial Harvest,Seine,,,,,,,,,,2019
11/5/2019,Silver,26084,,,,,,,Commercial Harvest,Seine,,,,,,,,,,2019
11/5/2019,Silver,28001,,,,,,,Commercial Harvest,Seine,,,,,,,,,,2019
11/5/2019,Silver,29638,,,,,,,Commercial Harvest,Seine,,,,,,,,,,2019
11/5/2019,Silver,26048,,,,,,,Commercial Harvest,Seine,,,,,,,,,,2019
11/5/2019,Silver,22252,,,,,,,Commercial Harvest,Seine,,,,,,,,,,2019
11/5/2019,Silver,23853,,,,,,,Commercial Harvest,Seine,,,,,,,,,,2019
11/5/2019,Silver,28741,,,,,,,Commercial Harvest,Seine,,,,,,,,,,2019
10/3/2019,Silver,25981,,,,,,,Commercial Harvest,Seine,,,,,,,,,,2019
10/3/2019,Silver,29819,,,,,,,Commercial Harvest,Seine,,,,,,,,,,2019
10/3/2019,Silver,29499,,,,,,,Commercial Harvest,Seine,,,,,,,,,,2019
10/3/2019,Silver,25815,,,,,,,Commercial Harvest,Seine,,,,,,,,,,2019
10/3/2019,Silver,20995,,,,,,,Commercial Harvest,Seine,,,,,,,,,,2019
10/3/2019,Silver,27487,,,,,,,Commercial Harvest,Seine,,,,,,,,,,2019
10/3/2019,Silver,29678,,,,,,,Commercial Harvest,Seine,,,,,,,,,,2019
10/3/2019,Silver,25980,,,,,,,Commercial Harvest,Seine,,,,,,,,,,2019
10/3/2019,Silver,21100,,,,,,,Commercial Harvest,Seine,,,,,,,,,,2019
10/3/2019,Silver,20943,,,,,,,Commercial Harvest,Seine,,,,,,,,,,2019
10/3/2019,Silver,21635,,,,,,,Commercial Harvest,Seine,,,,,,,,,,2019
10/3/2019,Silver,23058,,,,,,,Commercial Harvest,Seine,,,,,,,,,,2019
10/3/2019,Silver,27490,,,,,,,Commercial Harvest,Seine,,,,,,,,,,2019
10/3/2019,Silver,29607,,,,,,,Commercial Harvest,Seine,,,,,,,,,,2019
10/3/2019,Silver,29631,,,,,,,Commercial Harvest,Seine,,,,,,,,,,2019
10/3/2019,Silver,27491,,,,,,,Commercial Harvest,Seine,,,,,,,,,,2019
10/3/2019,Silver,21979,,,,,,,Commercial Harvest,Seine,,,,,,,,,,2019
10/3/2019,Silver,29386,,,,,,,Commercial Harvest,Seine,,,,,,,,,,2019
10/3/2019,Silver,25353,,,,,,,Commercial Harvest,Seine,,,,,,,,,,2019
10/3/2019,Silver,20104,,,,,,,Commercial Harvest,Seine,,,,,,,,,,2019
10/3/2019,Silver,28901,,,,,,,Commercial Harvest,Seine,,,,,,,,,,2019
10/3/2019,Silver,22473,,,,,,,Commercial Harvest,Seine,,,,,,,,,,2019
10/3/2019,Silver,22416,,,,,,,Commercial Harvest,Seine,,,,,,,,,,2019
10/3/2019,Silver,29610,,,,,,,Commercial Harvest,Seine,,,,,,,,,,2019
10/3/2019,Silver,29811,,,,,,,Commercial Harvest,Seine,,,,,,,,,,2019
10/3/2019,Silver,29709,,,,,,,Commercial Harvest,Seine,,,,,,,,,,2019
10/3/2019,Silver,21039,,,,,,,Commercial Harvest,Seine,,,,,,,,,,2019
10/3/2019,Silver,20932,,,,,,,Commercial Harvest,Seine,,,,,,,,,,2019
10/3/2019,Silver,21079,,,,,,,Commercial Harvest,Seine,,,,,,,,,,2019
10/3/2019,Silver,29395,,,,,,,Commercial Harvest,Seine,,,,,,,,,,2019
10/3/2019,Silver,25802,,,,,,,Commercial Harvest,Seine,,,,,,,,,,2019
10/3/2019,Silver,29322,,,,,,,Commercial Harvest,Seine,,,,,,,,,,2019
10/3/2019,Silver,29378,,,,,,,Commercial Harvest,Seine,,,,,,,,,,2019
10/3/2019,Silver,21070,,,,,,,Commercial Harvest,Seine,,,,,,,,,,2019
10/3/2019,Silver,25617,,,,,,,Commercial Harvest,Seine,,,,,,,,,,2019
10/3/2019,Silver,22438,,,,,,,Commercial Harvest,Seine,,,,,,,,,,2019
10/3/2019,Silver,28904,,,,,,,Commercial Harvest,Seine,,,,,,,,,,2019
10/3/2019,Silver,25823,,,,,,,Commercial Harvest,Seine,,,,,,,,,,2019
10/3/2019,Silver,29711,,,,,,,Commercial Harvest,Seine,,,,,,,,,,2019
10/3/2019,Silver,29815,,,,,,,Commercial Harvest,Seine,,,,,,,,,,2019
10/3/2019,Silver,26000,,,,,,,Commercial Harvest,Seine,,,,,,,,,,2019
10/3/2019,Silver,29324,,,,,,,Commercial Harvest,Seine,,,,,,,,,,2019
10/3/2019,Silver,21695,,,,,,,Commercial Harvest,Seine,,,,,,,,,,2019
10/3/2019,Silver,28903,,,,,,,Commercial Harvest,Seine,,,,,,,,,,2019
10/3/2019,Silver,20107,,,,,,,Commercial Harvest,Seine,,,,,,,,,,2019
10/3/2019,Silver,20829,,,,,,,Commercial Harvest,Seine,,,,,,,,,,2019
10/3/2019,Silver,19974,,,,,,,Commercial Harvest,Seine,,,,,,,,,,2019
10/3/2019,Silver,29715,,,,,,,Commercial Harvest,Seine,,,,,,,,,,2019
10/3/2019,Silver,29640,,,,,,,Commercial Harvest,Seine,,,,,,,,,,2019
10/3/2019,Silver,21066,,,,,,,Commercial Harvest,Seine,,,,,,,,,,2019
10/3/2019,Silver,22454,,,,,,,Commercial Harvest,Seine,,,,,,,,,,2019
10/3/2019,Silver,29613,,,,,,,Commercial Harvest,Seine,,,,,,,,,,2019
10/3/2019,Silver,28006,,,,,,,Commercial Harvest,Seine,,,,,,,,,,2019
10/3/2019,Silver,29822,,,,,,,Commercial Harvest,Seine,,,,,,,,,,2019
10/3/2019,Silver,29862,,,,,,,Commercial Harvest,Seine,,,,,,,,,,2019
10/3/2019,Silver,25360,,,,,,,Commercial Harvest,Seine,,,,,,,,,,2019
10/3/2019,Silver,21689,,,,,,,Commercial Harvest,Seine,,,,,,,,,,2019
10/3/2019,Silver,29674,,,,,,,Commercial Harvest,Seine,,,,,,,,,,2019
10/3/2019,Silver,23839,,,,,,,Commercial Harvest,Seine,,,,,,,,,,2019
10/3/2019,Silver,23064,,,,,,,Commercial Harvest,Seine,,,,,,,,,,2019
10/3/2019,Silver,29657,,,,,,,Commercial Harvest,Seine,,,,,,,,,,2019
10/3/2019,Silver,29651,,,,,,,Commercial Harvest,Seine,,,,,,,,,,2019
10/3/2019,Silver,29397,,,,,,,Commercial Harvest,Seine,,,,,,,,,,2019
10/3/2019,Silver,29481,,,,,,,Commercial Harvest,Seine,,,,,,,,,,2019
10/3/2019,Silver,23802,,,,,,,Commercial Harvest,Seine,,,,,,,,,,2019
10/3/2019,Silver,23152,,,,,,,Commercial Harvest,Seine,,,,,,,,,,2019
10/3/2019,Silver,29708,,,,,,,Commercial Harvest,Seine,,,,,,,,,,2019
10/3/2019,Silver,21083,,,,,,,Commercial Harvest,Seine,,,,,,,,,,2019
10/3/2019,Silver,29492,,,,,,,Commercial Harvest,Seine,,,,,,,,,,2019
10/3/2019,Silver,23091,,,,,,,Commercial Harvest,Seine,,,,,,,,,,2019
10/3/2019,Silver,29505,,,,,,,Commercial Harvest,Seine,,,,,,,,,,2019
10/3/2019,Silver,29507,,,,,,,Commercial Harvest,Seine,,,,,,,,,,2019
10/3/2019,Silver,21086,,,,,,,Commercial Harvest,Seine,,,,,,,,,,2019
10/3/2019,Silver,29656,,,,,,,Commercial Harvest,Seine,,,,,,,,,,2019
10/3/2019,Silver,22476,,,,,,,Commercial Harvest,Seine,,,,,,,,,,2019
10/3/2019,Silver,29511,,,,,,,Commercial Harvest,Seine,,,,,,,,,,2019
10/3/2019,Silver,21037,,,,,,,Commercial Harvest,Seine,,,,,,,,,,2019
10/3/2019,Silver,22250,,,,,,,Commercial Harvest,Seine,,,,,,,,,,2019
10/3/2019,Silver,29357,,,,,,,Commercial Harvest,Seine,,,,,,,,,,2019
10/3/2019,Silver,28925,,,,,,,Commercial Harvest,Seine,,,,,,,,,,2019
10/3/2019,Silver,21690,,,,,,,Commercial Harvest,Seine,,,,,,,,,,2019
10/3/2019,Silver,23600,,,,,,,Commercial Harvest,Seine,,,,,,,,,,2019
10/3/2019,Silver,29693,,,,,,,Commercial Harvest,Seine,,,,,,,,,,2019
10/3/2019,Silver,25368,,,,,,,Commercial Harvest,Seine,,,,,,,,,,2019
10/3/2019,Silver,20119,,,,,,,Commercial Harvest,Seine,,,,,,,,,,2019
10/3/2019,Silver,29510,,,,,,,Commercial Harvest,Seine,,,,,,,,,,2019
10/3/2019,Silver,29688,,,,,,,Commercial Harvest,Seine,,,,,,,,,,2019
10/3/2019,Silver,28727,,,,,,,Commercial Harvest,Seine,,,,,,,,,,2019
10/3/2019,Silver,29364,,,,,,,Commercial Harvest,Seine,,,,,,,,,,2019
10/3/2019,Silver,29487,,,,,,,Commercial Harvest,Seine,,,,,,,,,,2019
10/3/2019,Silver,25856,,,,,,,Commercial Harvest,Seine,,,,,,,,,,2019
10/3/2019,Silver,23834,,,,,,,Commercial Harvest,Seine,,,,,,,,,,2019
10/3/2019,Silver,27493,,,,,,,Commercial Harvest,Seine,,,,,,,,,,2019
10/3/2019,Silver,26072,,,,,,,Commercial Harvest,Seine,,,,,,,,,,2019
10/3/2019,Silver,29618,,,,,,,Commercial Harvest,Seine,,,,,,,,,,2019
10/3/2019,Silver,25810,,,,,,,Commercial Harvest,Seine,,,,,,,,,,2019
11/11/2019,Silver,20825,,,,,,,Commercial Harvest,Seine,,,,,,,,,,2019
11/11/2019,Silver,20895,,,,,,,Commercial Harvest,Seine,,,,,,,,,,2019
11/11/2019,Silver,29707,,,,,,,Commercial Harvest,Seine,,,,,,,,,,2019
11/11/2019,Silver,29661,,,,,,,Commercial Harvest,Seine,,,,,,,,,,2019
11/11/2019,Silver,29842,,,,,,,Commercial Harvest,Seine,,,,,,,,,,2019
11/11/2019,Silver,26061,,,,,,,Commercial Harvest,Seine,,,,,,,,,,2019
11/11/2019,Silver,29670,,,,,,,Commercial Harvest,Seine,,,,,,,,,,2019
11/11/2019,Silver,29390,,,,,,,Commercial Harvest,Seine,,,,,,,,,,2019
11/11/2019,Silver,20125,,,,,,,Commercial Harvest,Seine,,,,,,,,,,2019
11/11/2019,Silver,25962,,,,,,,Commercial Harvest,Seine,,,,,,,,,,2019
11/11/2019,Silver,29673,,,,,,,Commercial Harvest,Seine,,,,,,,,,,2019
11/11/2019,Silver,26058,,,,,,,Commercial Harvest,Seine,,,,,,,,,,2019
11/11/2019,Silver,21074,,,,,,,Commercial Harvest,Seine,,,,,,,,,,2019
11/11/2019,Silver,25812,,,,,,,Commercial Harvest,Seine,,,,,,,,,,2019
11/11/2019,Silver,25804,,,,,,,Commercial Harvest,Seine,,,,,,,,,,2019
11/11/2019,Silver,25860,,,,,,,Commercial Harvest,Seine,,,,,,,,,,2019
11/11/2019,Silver,20967,,,,,,,Commercial Harvest,Seine,,,,,,,,,,2019
11/11/2019,Silver,29391,,,,,,,Commercial Harvest,Seine,,,,,,,,,,2019
11/11/2019,Silver,21029,,,,,,,Commercial Harvest,Seine,,,,,,,,,,2019
11/11/2019,Silver,20841,,,,,,,Commercial Harvest,Seine,,,,,,,,,,2019
11/11/2019,Silver,25874,,,,,,,Commercial Harvest,Seine,,,,,,,,,,2019
11/11/2019,Silver,29642,,,,,,,Commercial Harvest,Seine,,,,,,,,,,2019
11/11/2019,Silver,21048,,,,,,,Commercial Harvest,Seine,,,,,,,,,,2019
11/11/2019,Silver,21059,,,,,,,Commercial Harvest,Seine,,,,,,,,,,2019
11/11/2019,Silver,23854,,,,,,,Commercial Harvest,Seine,,,,,,,,,,2019
11/11/2019,Silver,21622,,,,,,,Commercial Harvest,Seine,,,,,,,,,,2019
11/11/2019,Silver,22012,,,,,,,Commercial Harvest,Seine,,,,,,,,,,2019
11/11/2019,Silver,21041,,,,,,,Commercial Harvest,Seine,,,,,,,,,,2019
11/11/2019,Silver,29813,,,,,,,Commercial Harvest,Seine,,,,,,,,,,2019
11/11/2019,Silver,26066,,,,,,,Commercial Harvest,Seine,,,,,,,,,,2019
11/11/2019,Silver,25958,,,,,,,Commercial Harvest,Seine,,,,,,,,,,2019
11/11/2019,Silver,23829,,,,,,,Commercial Harvest,Seine,,,,,,,,,,2019
11/11/2019,Silver,21044,,,,,,,Commercial Harvest,Seine,,,,,,,,,,2019
11/11/2019,Silver,25822,,,,,,,Commercial Harvest,Seine,,,,,,,,,,2019
11/11/2019,Silver,20842,,,,,,,Commercial Harvest,Seine,,,,,,,,,,2019
11/11/2019,Silver,22469,,,,,,,Commercial Harvest,Seine,,,,,,,,,,2019
11/11/2019,Silver,29491,,,,,,,Commercial Harvest,Seine,,,,,,,,,,2019
11/11/2019,Silver,29696,,,,,,,Commercial Harvest,Seine,,,,,,,,,,2019
11/11/2019,Silver,25819,,,,,,,Commercial Harvest,Seine,,,,,,,,,,2019
11/11/2019,Silver,20537,,,,,,,Commercial Harvest,Seine,,,,,,,,,,2019
11/11/2019,Silver,29854,,,,,,,Commercial Harvest,Seine,,,,,,,,,,2019
11/11/2019,Silver,21986,,,,,,,Commercial Harvest,Seine,,,,,,,,,,2019
11/11/2019,Silver,29379,,,,,,,Commercial Harvest,Seine,,,,,,,,,,2019
11/11/2019,Silver,23601,,,,,,,Commercial Harvest,Seine,,,,,,,,,,2019
11/11/2019,Silver,29614,,,,,,,Commercial Harvest,Seine,,,,,,,,,,2019
11/11/2019,Silver,29839,,,,,,,Commercial Harvest,Seine,,,,,,,,,,2019
11/11/2019,Silver,24023,,,,,,,Commercial Harvest,Seine,,,,,,,,,,2019
11/11/2019,Silver,29659,,,,,,,Commercial Harvest,Seine,,,,,,,,,,2019
11/11/2019,Silver,21176,,,,,,,Commercial Harvest,Seine,,,,,,,,,,2019
11/11/2019,Silver,21056,,,,,,,Commercial Harvest,Seine,,,,,,,,,,2019
11/11/2019,Silver,29686,,,,,,,Commercial Harvest,Seine,,,,,,,,,,2019
11/11/2019,Silver,21064,,,,,,,Commercial Harvest,Seine,,,,,,,,,,2019
11/11/2019,Silver,23019,,,,,,,Commercial Harvest,Seine,,,,,,,,,,2019
11/11/2019,Silver,29501,,,,,,,Commercial Harvest,Seine,,,,,,,,,,2019
11/11/2019,Silver,21055,,,,,,,Commercial Harvest,Seine,,,,,,,,,,2019
11/11/2019,Silver,29848,,,,,,,Commercial Harvest,Seine,,,,,,,,,,2019
11/11/2019,Silver,29628,,,,,,,Commercial Harvest,Seine,,,,,,,,,,2019
11/11/2019,Silver,29380,,,,,,,Commercial Harvest,Seine,,,,,,,,,,2019
11/11/2019,Silver,20864,,,,,,,Commercial Harvest,Seine,,,,,,,,,,2019
11/11/2019,Silver,25809,,,,,,,Commercial Harvest,Seine,,,,,,,,,,2019
11/11/2019,Silver,27478,,,,,,,Commercial Harvest,Seine,,,,,,,,,,2019
11/11/2019,Silver,25965,,,,,,,Commercial Harvest,Seine,,,,,,,,,,2019
11/11/2019,Silver,29681,,,,,,,Commercial Harvest,Seine,,,,,,,,,,2019
11/11/2019,Silver,25811,,,,,,,Commercial Harvest,Seine,,,,,,,,,,2019
11/11/2019,Silver,23044,,,,,,,Commercial Harvest,Seine,,,,,,,,,,2019
11/11/2019,Silver,28763,,,,,,,Commercial Harvest,Seine,,,,,,,,,,2019
11/11/2019,Silver,29702,,,,,,,Commercial Harvest,Seine,,,,,,,,,,2019
11/11/2019,Silver,23028,,,,,,,Commercial Harvest,Seine,,,,,,,,,,2019
11/11/2019,Silver,28005,,,,,,,Commercial Harvest,Seine,,,,,,,,,,2019
11/11/2019,Silver,28912,,,,,,,Commercial Harvest,Seine,,,,,,,,,,2019
11/11/2019,Silver,20927,,,,,,,Commercial Harvest,Seine,,,,,,,,,,2019
11/11/2019,Silver,21698,,,,,,,Commercial Harvest,Seine,,,,,,,,,,2019
11/11/2019,Silver,19777,,,,,,,Commercial Harvest,Seine,,,,,,,,,,2019
11/11/2019,Silver,28918,,,,,,,Commercial Harvest,Seine,,,,,,,,,,2019
11/11/2019,Silver,27500,,,,,,,Commercial Harvest,Seine,,,,,,,,,,2019
11/11/2019,Silver,21038,,,,,,,Commercial Harvest,Seine,,,,,,,,,,2019
11/11/2019,Silver,26081,,,,,,,Commercial Harvest,Seine,,,,,,,,,,2019
11/11/2019,Silver,29804,,,,,,,Commercial Harvest,Seine,,,,,,,,,,2019
11/11/2019,Silver,26090,,,,,,,Commercial Harvest,Seine,,,,,,,,,,2019
11/11/2019,Silver,26073,,,,,,,Commercial Harvest,Seine,,,,,,,,,,2019
11/11/2019,Silver,21051,,,,,,,Commercial Harvest,Seine,,,,,,,,,,2019
11/11/2019,Silver,19733,,,,,,,Commercial Harvest,Seine,,,,,,,,,,2019
11/11/2019,Silver,29860,,,,,,,Commercial Harvest,Seine,,,,,,,,,,2019
11/11/2019,Silver,21035,,,,,,,Commercial Harvest,Seine,,,,,,,,,,2019
11/11/2019,Silver,23598,,,,,,,Commercial Harvest,Seine,,,,,,,,,,2019
11/11/2019,Silver,23072,,,,,,,Commercial Harvest,Seine,,,,,,,,,,2019
11/11/2019,Silver,29358,,,,,,,Commercial Harvest,Seine,,,,,,,,,,2019
11/11/2019,Silver,29616,,,,,,,Commercial Harvest,Seine,,,,,,,,,,2019
11/11/2019,Silver,19701,,,,,,,Commercial Harvest,Seine,,,,,,,,,,2019
11/11/2019,Silver,25346,,,,,,,Commercial Harvest,Seine,,,,,,,,,,2019
11/23/2019,N Twin,29781,,,,,,,Commercial Harvest,Seine,,,,,,,,,,2019
11/23/2019,N Twin,26912,,,,,,,Commercial Harvest,Seine,,,,,,,,,,2019
11/23/2019,N Twin,22807,,,,,,,Commercial Harvest,Seine,,,,,,,,,,2019
11/23/2019,N Twin,28253,,,,,,,Commercial Harvest,Seine,,,,,,,,,,2019
11/23/2019,N Twin,27642,,,,,,,Commercial Harvest,Seine,,,,,,,,,,2019
11/23/2019,N Twin,28274,,,,,,,Commercial Harvest,Seine,,,,,,,,,,2019
11/23/2019,N Twin,25486,,,,,,,Commercial Harvest,Seine,,,,,,,,,,2019
11/23/2019,N Twin,27754,,,,,,,Commercial Harvest,Seine,,,,,,,,,,2019
11/23/2019,N Twin,6428,,,,,,,Commercial Harvest,Seine,,,,,,,,,,2019
11/23/2019,N Twin,29780,,,,,,,Commercial Harvest,Seine,,,,,,,,,,2019
11/23/2019,N Twin,24555,,,,,,,Commercial Harvest,Seine,,,,,,,,,,2019
11/23/2019,N Twin,11272,,,,,,,Commercial Harvest,Seine,,,,,,,,,,2019
11/23/2019,N Twin,29793,,,,,,,Commercial Harvest,Seine,,,,,,,,,,2019
11/23/2019,N Twin,24518,,,,,,,Commercial Harvest,Seine,,,,,,,,,,2019
11/23/2019,N Twin,12236,,,,,,,Commercial Harvest,Seine,,,,,,,,,,2019
11/23/2019,N Twin,11385,,,,,,,Commercial Harvest,Seine,,,,,,,,,,2019
11/23/2019,N Twin,28853,,,,,,,Commercial Harvest,Seine,,,,,,,,,,2019
11/23/2019,N Twin,11270,,,,,,,Commercial Harvest,Seine,,,,,,,,,,2019
11/23/2019,N Twin,6410,,,,,,,Commercial Harvest,Seine,,,,,,,,,,2019
11/23/2019,N Twin,22920,,,,,,,Commercial Harvest,Seine,,,,,,,,,,2019
11/23/2019,N Twin,28239,,,,,,,Commercial Harvest,Seine,,,,,,,,,,2019
11/23/2019,N Twin,11499,,,,,,,Commercial Harvest,Seine,,,,,,,,,,2019
11/23/2019,N Twin,22847,,,,,,,Commercial Harvest,Seine,,,,,,,,,,2019
11/23/2019,N Twin,27862,,,,,,,Commercial Harvest,Seine,,,,,,,,,,2019
11/23/2019,N Twin,28296,,,,,,,Commercial Harvest,Seine,,,,,,,,,,2019
11/23/2019,N Twin,22850,,,,,,,Commercial Harvest,Seine,,,,,,,,,,2019
11/23/2019,N Twin,26971,,,,,,,Commercial Harvest,Seine,,,,,,,,,,2019
11/23/2019,N Twin,26127,,,,,,,Commercial Harvest,Seine,,,,,,,,,,2019
11/23/2019,N Twin,22879,,,,,,,Commercial Harvest,Seine,,,,,,,,,,2019
11/23/2019,N Twin,22900,,,,,,,Commercial Harvest,Seine,,,,,,,,,,2019
11/23/2019,N Twin,22983,,,,,,,Commercial Harvest,Seine,,,,,,,,,,2019
11/23/2019,N Twin,27750,,,,,,,Commercial Harvest,Seine,,,,,,,,,,2019
11/23/2019,N Twin,28866,,,,,,,Commercial Harvest,Seine,,,,,,,,,,2019
11/23/2019,N Twin,14492,,,,,,,Commercial Harvest,Seine,,,,,,,,,,2019
11/23/2019,N Twin,5033,,,,,,,Commercial Harvest,Seine,,,,,,,,,,2019
11/23/2019,N Twin,26506,,,,,,,Commercial Harvest,Seine,,,,,,,,,,2019
11/23/2019,N Twin,27799,,,,,,,Commercial Harvest,Seine,,,,,,,,,,2019
11/23/2019,N Twin,29980,,,,,,,Commercial Harvest,Seine,,,,,,,,,,2019
11/23/2019,N Twin,26175,,,,,,,Commercial Harvest,Seine,,,,,,,,,,2019
11/23/2019,N Twin,5428,,,,,,,Commercial Harvest,Seine,,,,,,,,,,2019
11/23/2019,N Twin,26161,,,,,,,Commercial Harvest,Seine,,,,,,,,,,2019
11/23/2019,N Twin,27294,,,,,,,Commercial Harvest,Seine,,,,,,,,,,2019
11/23/2019,N Twin,6472,,,,,,,Commercial Harvest,Seine,,,,,,,,,,2019
11/23/2019,N Twin,11451,,,,,,,Commercial Harvest,Seine,,,,,,,,,,2019
11/23/2019,N Twin,26208,,,,,,,Commercial Harvest,Seine,,,,,,,,,,2019
11/23/2019,N Twin,27771,,,,,,,Commercial Harvest,Seine,,,,,,,,,,2019
11/23/2019,N Twin,28219,,,,,,,Commercial Harvest,Seine,,,,,,,,,,2019
11/23/2019,N Twin,26027,,,,,,,Commercial Harvest,Seine,,,,,,,,,,2019
11/23/2019,N Twin,27776,,,,,,,Commercial Harvest,Seine,,,,,,,,,,2019
11/23/2019,N Twin,28252,,,,,,,Commercial Harvest,Seine,,,,,,,,,,2019
11/23/2019,N Twin,22871,,,,,,,Commercial Harvest,Seine,,,,,,,,,,2019
11/23/2019,N Twin,14454,,,,,,,Commercial Harvest,Seine,,,,,,,,,,2019
11/23/2019,N Twin,15900,,,,,,,Commercial Harvest,Seine,,,,,,,,,,2019
11/23/2019,N Twin,12280,,,,,,,Commercial Harvest,Seine,,,,,,,,,,2019
11/23/2019,N Twin,11331,,,,,,,Commercial Harvest,Seine,,,,,,,,,,2019
11/23/2019,N Twin,29983,,,,,,,Commercial Harvest,Seine,,,,,,,,,,2019
11/23/2019,N Twin,15056,,,,,,,Commercial Harvest,Seine,,,,,,,,,,2019
11/23/2019,N Twin,6360,,,,,,,Commercial Harvest,Seine,,,,,,,,,,2019
11/23/2019,N Twin,16553,,,,,,,Commercial Harvest,Seine,,,,,,,,,,2019
11/23/2019,N Twin,28873,,,,,,,Commercial Harvest,Seine,,,,,,,,,,2019
11/23/2019,N Twin,11332,,,,,,,Commercial Harvest,Seine,,,,,,,,,,2019
11/23/2019,N Twin,5541,,,,,,,Commercial Harvest,Seine,,,,,,,,,,2019
11/23/2019,N Twin,27205,,,,,,,Commercial Harvest,Seine,,,,,,,,,,2019
11/23/2019,N Twin,27633,,,,,,,Commercial Harvest,Seine,,,,,,,,,,2019
11/23/2019,N Twin,28278,,,,,,,Commercial Harvest,Seine,,,,,,,,,,2019
11/23/2019,N Twin,25458,,,,,,,Commercial Harvest,Seine,,,,,,,,,,2019
11/23/2019,N Twin,15134,,,,,,,Commercial Harvest,Seine,,,,,,,,,,2019
11/23/2019,N Twin,16675,,,,,,,Commercial Harvest,Seine,,,,,,,,,,2019
11/23/2019,N Twin,14266,,,,,,,Commercial Harvest,Seine,,,,,,,,,,2019
11/23/2019,N Twin,27683,,,,,,,Commercial Harvest,Seine,,,,,,,,,,2019
11/23/2019,N Twin,27686,,,,,,,Commercial Harvest,Seine,,,,,,,,,,2019
11/23/2019,N Twin,5007,,,,,,,Commercial Harvest,Seine,,,,,,,,,,2019
11/23/2019,N Twin,14220,,,,,,,Commercial Harvest,Seine,,,,,,,,,,2019
11/23/2019,N Twin,29974,,,,,,,Commercial Harvest,Seine,,,,,,,,,,2019
11/23/2019,N Twin,27298,,,,,,,Commercial Harvest,Seine,,,,,,,,,,2019
11/23/2019,N Twin,28238,,,,,,,Commercial Harvest,Seine,,,,,,,,,,2019
11/23/2019,N Twin,27622,,,,,,,Commercial Harvest,Seine,,,,,,,,,,2019
11/23/2019,N Twin,27796,,,,,,,Commercial Harvest,Seine,,,,,,,,,,2019
11/23/2019,N Twin,22947,,,,,,,Commercial Harvest,Seine,,,,,,,,,,2019
11/23/2019,N Twin,27606,,,,,,,Commercial Harvest,Seine,,,,,,,,,,2019
11/23/2019,N Twin,5029,,,,,,,Commercial Harvest,Seine,,,,,,,,,,2019
11/23/2019,N Twin,27664,,,,,,,Commercial Harvest,Seine,,,,,,,,,,2019
11/23/2019,N Twin,29784,,,,,,,Commercial Harvest,Seine,,,,,,,,,,2019
11/23/2019,N Twin,22820,,,,,,,Commercial Harvest,Seine,,,,,,,,,,2019
11/23/2019,N Twin,27229,,,,,,,Commercial Harvest,Seine,,,,,,,,,,2019
11/23/2019,N Twin,16251,,,,,,,Commercial Harvest,Seine,,,,,,,,,,2019
11/23/2019,N Twin,24551,,,,,,,Commercial Harvest,Seine,,,,,,,,,,2019
11/23/2019,N Twin,26206,,,,,,,Commercial Harvest,Seine,,,,,,,,,,2019
11/23/2019,N Twin,27651,,,,,,,Commercial Harvest,Seine,,,,,,,,,,2019
11/23/2019,N Twin,27272,,,,,,,Commercial Harvest,Seine,,,,,,,,,,2019
11/23/2019,N Twin,6411,,,,,,,Commercial Harvest,Seine,,,,,,,,,,2019
11/23/2019,N Twin,28289,,,,,,,Commercial Harvest,Seine,,,,,,,,,,2019
11/23/2019,N Twin,26203,,,,,,,Commercial Harvest,Seine,,,,,,,,,,2019
11/23/2019,N Twin,25467,,,,,,,Commercial Harvest,Seine,,,,,,,,,,2019
11/23/2019,N Twin,27625,,,,,,,Commercial Harvest,Seine,,,,,,,,,,2019
11/23/2019,N Twin,22997,,,,,,,Commercial Harvest,Seine,,,,,,,,,,2019
11/23/2019,N Twin,11347,,,,,,,Commercial Harvest,Seine,,,,,,,,,,2019
11/23/2019,N Twin,22996,,,,,,,Commercial Harvest,Seine,,,,,,,,,,2019
11/23/2019,N Twin,28214,,,,,,,Commercial Harvest,Seine,,,,,,,,,,2019
11/23/2019,N Twin,27770,,,,,,,Commercial Harvest,Seine,,,,,,,,,,2019
11/23/2019,N Twin,27284,,,,,,,Commercial Harvest,Seine,,,,,,,,,,2019
11/23/2019,N Twin,12248,,,,,,,Commercial Harvest,Seine,,,,,,,,,,2019
11/23/2019,N Twin,11355,,,,,,,Commercial Harvest,Seine,,,,,,,,,,2019
11/23/2019,N Twin,26471,,,,,,,Commercial Harvest,Seine,,,,,,,,,,2019
11/23/2019,N Twin,12544,,,,,,,Commercial Harvest,Seine,,,,,,,,,,2019
11/23/2019,N Twin,28263,,,,,,,Commercial Harvest,Seine,,,,,,,,,,2019
11/23/2019,N Twin,26207,,,,,,,Commercial Harvest,Seine,,,,,,,,,,2019
11/23/2019,N Twin,5184,,,,,,,Commercial Harvest,Seine,,,,,,,,,,2019
11/23/2019,N Twin,27669,,,,,,,Commercial Harvest,Seine,,,,,,,,,,2019
11/23/2019,N Twin,27694,,,,,,,Commercial Harvest,Seine,,,,,,,,,,2019
11/23/2019,N Twin,11962,,,,,,,Commercial Harvest,Seine,,,,,,,,,,2019
11/23/2019,N Twin,28226,,,,,,,Commercial Harvest,Seine,,,,,,,,,,2019
11/23/2019,N Twin,1728,,,,,,,Commercial Harvest,Seine,,,,,,,,,,2019
11/23/2019,N Twin,22995,,,,,,,Commercial Harvest,Seine,,,,,,,,,,2019
11/23/2019,N Twin,24997,,,,,,,Commercial Harvest,Seine,,,,,,,,,,2019
11/23/2019,N Twin,14450,,,,,,,Commercial Harvest,Seine,,,,,,,,,,2019
11/23/2019,N Twin,27781,,,,,,,Commercial Harvest,Seine,,,,,,,,,,2019
11/23/2019,N Twin,15167,,,,,,,Commercial Harvest,Seine,,,,,,,,,,2019
11/23/2019,N Twin,6344,,,,,,,Commercial Harvest,Seine,,,,,,,,,,2019
11/23/2019,N Twin,12369,,,,,,,Commercial Harvest,Seine,,,,,,,,,,2019
11/23/2019,N Twin,16464,,,,,,,Commercial Harvest,Seine,,,,,,,,,,2019
11/23/2019,N Twin,5430,,,,,,,Commercial Harvest,Seine,,,,,,,,,,2019
11/23/2019,N Twin,27257,,,,,,,Commercial Harvest,Seine,,,,,,,,,,2019
11/23/2019,N Twin,27605,,,,,,,Commercial Harvest,Seine,,,,,,,,,,2019
11/23/2019,N Twin,1668,,,,,,,Commercial Harvest,Seine,,,,,,,,,,2019
11/23/2019,N Twin,6356,,,,,,,Commercial Harvest,Seine,,,,,,,,,,2019
11/30/2019,N Twin,27736,,,,,,,Commercial Harvest,Seine,,,,,,,,,,2019
11/30/2019,N Twin,16870,,,,,,,Commercial Harvest,Seine,,,,,,,,,,2019
11/30/2019,N Twin,24528,,,,,,,Commercial Harvest,Seine,,,,,,,,,,2019
11/30/2019,N Twin,28848,,,,,,,Commercial Harvest,Seine,,,,,,,,,,2019
11/30/2019,N Twin,27269,,,,,,,Commercial Harvest,Seine,,,,,,,,,,2019
11/30/2019,N Twin,11441,,,,,,,Commercial Harvest,Seine,,,,,,,,,,2019
11/30/2019,N Twin,11122,,,,,,,Commercial Harvest,Seine,,,,,,,,,,2019
11/30/2019,N Twin,16288,,,,,,,Commercial Harvest,Seine,,,,,,,,,,2019
11/30/2019,N Twin,28201,,,,,,,Commercial Harvest,Seine,,,,,,,,,,2019
11/30/2019,N Twin,27231,,,,,,,Commercial Harvest,Seine,,,,,,,,,,2019
11/30/2019,N Twin,16295,,,,,,,Commercial Harvest,Seine,,,,,,,,,,2019
11/30/2019,N Twin,12529,,,,,,,Commercial Harvest,Seine,,,,,,,,,,2019
11/30/2019,N Twin,26467,,,,,,,Commercial Harvest,Seine,,,,,,,,,,2019
11/30/2019,N Twin,24558,,,,,,,Commercial Harvest,Seine,,,,,,,,,,2019
11/30/2019,N Twin,27780,,,,,,,Commercial Harvest,Seine,,,,,,,,,,2019
11/30/2019,N Twin,22856,,,,,,,Commercial Harvest,Seine,,,,,,,,,,2019
11/30/2019,N Twin,26917,,,,,,,Commercial Harvest,Seine,,,,,,,,,,2019
11/30/2019,N Twin,27230,,,,,,,Commercial Harvest,Seine,,,,,,,,,,2019
11/30/2019,N Twin,27643,,,,,,,Commercial Harvest,Seine,,,,,,,,,,2019
11/30/2019,N Twin,26442,,,,,,,Commercial Harvest,Seine,,,,,,,,,,2019
11/30/2019,N Twin,16282,,,,,,,Commercial Harvest,Seine,,,,,,,,,,2019
11/30/2019,N Twin,26920,,,,,,,Commercial Harvest,Seine,,,,,,,,,,2019
11/30/2019,N Twin,27618,,,,,,,Commercial Harvest,Seine,,,,,,,,,,2019
11/30/2019,N Twin,11333,,,,,,,Commercial Harvest,Seine,,,,,,,,,,2019
11/30/2019,N Twin,6424,,,,,,,Commercial Harvest,Seine,,,,,,,,,,2019
11/30/2019,N Twin,28206,,,,,,,Commercial Harvest,Seine,,,,,,,,,,2019
11/30/2019,N Twin,14499,,,,,,,Commercial Harvest,Seine,,,,,,,,,,2019
11/30/2019,N Twin,27616,,,,,,,Commercial Harvest,Seine,,,,,,,,,,2019
11/30/2019,N Twin,27689,,,,,,,Commercial Harvest,Seine,,,,,,,,,,2019
11/30/2019,N Twin,28276,,,,,,,Commercial Harvest,Seine,,,,,,,,,,2019
11/30/2019,N Twin,27749,,,,,,,Commercial Harvest,Seine,,,,,,,,,,2019
11/30/2019,N Twin,5441,,,,,,,Commercial Harvest,Seine,,,,,,,,,,2019
11/30/2019,N Twin,27671,,,,,,,Commercial Harvest,Seine,,,,,,,,,,2019
11/30/2019,N Twin,6704,,,,,,,Commercial Harvest,Seine,,,,,,,,,,2019
11/30/2019,N Twin,26907,,,,,,,Commercial Harvest,Seine,,,,,,,,,,2019
11/30/2019,N Twin,24651,,,,,,,Commercial Harvest,Seine,,,,,,,,,,2019
11/30/2019,N Twin,29789,,,,,,,Commercial Harvest,Seine,,,,,,,,,,2019
11/30/2019,N Twin,27273,,,,,,,Commercial Harvest,Seine,,,,,,,,,,2019
11/30/2019,N Twin,1649,,,,,,,Commercial Harvest,Seine,,,,,,,,,,2019
11/30/2019,N Twin,11439,,,,,,,Commercial Harvest,Seine,,,,,,,,,,2019
11/30/2019,N Twin,6376,,,,,,,Commercial Harvest,Seine,,,,,,,,,,2019
11/30/2019,N Twin,27685,,,,,,,Commercial Harvest,Seine,,,,,,,,,,2019
11/30/2019,N Twin,11442,,,,,,,Commercial Harvest,Seine,,,,,,,,,,2019
11/30/2019,N Twin,14950,,,,,,,Commercial Harvest,Seine,,,,,,,,,,2019
11/30/2019,N Twin,27242,,,,,,,Commercial Harvest,Seine,,,,,,,,,,2019
11/30/2019,N Twin,12233,,,,,,,Commercial Harvest,Seine,,,,,,,,,,2019
11/30/2019,N Twin,11266,,,,,,,Commercial Harvest,Seine,,,,,,,,,,2019
11/30/2019,N Twin,27270,,,,,,,Commercial Harvest,Seine,,,,,,,,,,2019
11/30/2019,N Twin,15123,,,,,,,Commercial Harvest,Seine,,,,,,,,,,2019
11/30/2019,N Twin,12935,,,,,,,Commercial Harvest,Seine,,,,,,,,,,2019
11/30/2019,N Twin,24656,,,,,,,Commercial Harvest,Seine,,,,,,,,,,2019
11/30/2019,N Twin,27678,,,,,,,Commercial Harvest,Seine,,,,,,,,,,2019
11/30/2019,N Twin,6728,,,,,,,Commercial Harvest,Seine,,,,,,,,,,2019
11/30/2019,N Twin,16545,,,,,,,Commercial Harvest,Seine,,,,,,,,,,2019
11/30/2019,N Twin,27202,,,,,,,Commercial Harvest,Seine,,,,,,,,,,2019
11/30/2019,N Twin,22830,,,,,,,Commercial Harvest,Seine,,,,,,,,,,2019
11/30/2019,N Twin,16635,,,,,,,Commercial Harvest,Seine,,,,,,,,,,2019
11/30/2019,N Twin,11271,,,,,,,Commercial Harvest,Seine,,,,,,,,,,2019
11/30/2019,N Twin,6812,,,,,,,Commercial Harvest,Seine,,,,,,,,,,2019
11/30/2019,N Twin,27203,,,,,,,Commercial Harvest,Seine,,,,,,,,,,2019
11/30/2019,N Twin,27766,,,,,,,Commercial Harvest,Seine,,,,,,,,,,2019
11/30/2019,N Twin,27260,,,,,,,Commercial Harvest,Seine,,,,,,,,,,2019
11/30/2019,N Twin,27745,,,,,,,Commercial Harvest,Seine,,,,,,,,,,2019
11/30/2019,N Twin,16981,,,,,,,Commercial Harvest,Seine,,,,,,,,,,2019
11/30/2019,N Twin,26433,,,,,,,Commercial Harvest,Seine,,,,,,,,,,2019
11/30/2019,N Twin,22904,,,,,,,Commercial Harvest,Seine,,,,,,,,,,2019
11/30/2019,N Twin,26408,,,,,,,Commercial Harvest,Seine,,,,,,,,,,2019
11/30/2019,N Twin,12553,,,,,,,Commercial Harvest,Seine,,,,,,,,,,2019
11/30/2019,N Twin,11904,,,,,,,Commercial Harvest,Seine,,,,,,,,,,2019
11/30/2019,N Twin,27637,,,,,,,Commercial Harvest,Seine,,,,,,,,,,2019
11/30/2019,N Twin,29945,,,,,,,Commercial Harvest,Seine,,,,,,,,,,2019
11/30/2019,N Twin,11380,,,,,,,Commercial Harvest,Seine,,,,,,,,,,2019
11/30/2019,N Twin,24529,,,,,,,Commercial Harvest,Seine,,,,,,,,,,2019
11/30/2019,N Twin,27738,,,,,,,Commercial Harvest,Seine,,,,,,,,,,2019
11/30/2019,N Twin,26968,,,,,,,Commercial Harvest,Seine,,,,,,,,,,2019
11/30/2019,N Twin,27288,,,,,,,Commercial Harvest,Seine,,,,,,,,,,2019
11/30/2019,N Twin,11129,,,,,,,Commercial Harvest,Seine,,,,,,,,,,2019
11/30/2019,N Twin,12238,,,,,,,Commercial Harvest,Seine,,,,,,,,,,2019
11/30/2019,N Twin,27288,,,,,,,Commercial Harvest,Seine,,,,,,,,,,2019
11/30/2019,N Twin,11129,,,,,,,Commercial Harvest,Seine,,,,,,,,,,2019
11/30/2019,N Twin,12238,,,,,,,Commercial Harvest,Seine,,,,,,,,,,2019
11/30/2019,N Twin,27293,,,,,,,Commercial Harvest,Seine,,,,,,,,,,2019
11/30/2019,N Twin,22846,,,,,,,Commercial Harvest,Seine,,,,,,,,,,2019
11/30/2019,N Twin,26466,,,,,,,Commercial Harvest,Seine,,,,,,,,,,2019
11/30/2019,N Twin,27638,,,,,,,Commercial Harvest,Seine,,,,,,,,,,2019
11/30/2019,N Twin,26012,,,,,,,Commercial Harvest,Seine,,,,,,,,,,2019
11/30/2019,N Twin,11273,,,,,,,Commercial Harvest,Seine,,,,,,,,,,2019
11/30/2019,N Twin,26202,,,,,,,Commercial Harvest,Seine,,,,,,,,,,2019
11/30/2019,N Twin,24746,,,,,,,Commercial Harvest,Seine,,,,,,,,,,2019
11/30/2019,N Twin,27295,,,,,,,Commercial Harvest,Seine,,,,,,,,,,2019
11/30/2019,N Twin,28284,,,,,,,Commercial Harvest,Seine,,,,,,,,,,2019
11/30/2019,N Twin,12539,,,,,,,Commercial Harvest,Seine,,,,,,,,,,2019
11/30/2019,N Twin,12541,,,,,,,Commercial Harvest,Seine,,,,,,,,,,2019
11/30/2019,N Twin,16432,,,,,,,Commercial Harvest,Seine,,,,,,,,,,2019
11/30/2019,N Twin,12530,,,,,,,Commercial Harvest,Seine,,,,,,,,,,2019
11/30/2019,N Twin,11376,,,,,,,Commercial Harvest,Seine,,,,,,,,,,2019
11/30/2019,N Twin,16669,,,,,,,Commercial Harvest,Seine,,,,,,,,,,2019
11/30/2019,N Twin,29905,,,,,,,Commercial Harvest,Seine,,,,,,,,,,2019
11/30/2019,N Twin,25000,,,,,,,Commercial Harvest,Seine,,,,,,,,,,2019
11/30/2019,N Twin,27665,,,,,,,Commercial Harvest,Seine,,,,,,,,,,2019
11/30/2019,N Twin,27783,,,,,,,Commercial Harvest,Seine,,,,,,,,,,2019
11/30/2019,N Twin,27800,,,,,,,Commercial Harvest,Seine,,,,,,,,,,2019
11/30/2019,N Twin,24654,,,,,,,Commercial Harvest,Seine,,,,,,,,,,2019
11/30/2019,N Twin,26457,,,,,,,Commercial Harvest,Seine,,,,,,,,,,2019
11/30/2019,N Twin,11720,,,,,,,Commercial Harvest,Seine,,,,,,,,,,2019
11/30/2019,N Twin,28236,,,,,,,Commercial Harvest,Seine,,,,,,,,,,2019
11/30/2019,N Twin,6477,,,,,,,Commercial Harvest,Seine,,,,,,,,,,2019
11/30/2019,N Twin,27649,,,,,,,Commercial Harvest,Seine,,,,,,,,,,2019
11/30/2019,N Twin,27646,,,,,,,Commercial Harvest,Seine,,,,,,,,,,2019
11/30/2019,N Twin,1636,,,,,,,Commercial Harvest,Seine,,,,,,,,,,2019
11/30/2019,N Twin,27863,,,,,,,Commercial Harvest,Seine,,,,,,,,,,2019
11/30/2019,N Twin,15021,,,,,,,Commercial Harvest,Seine,,,,,,,,,,2019
11/30/2019,N Twin,6727,,,,,,,Commercial Harvest,Seine,,,,,,,,,,2019
11/30/2019,N Twin,27877,,,,,,,Commercial Harvest,Seine,,,,,,,,,,2019
11/30/2019,N Twin,22822,,,,,,,Commercial Harvest,Seine,,,,,,,,,,2019
11/30/2019,N Twin,22901,,,,,,,Commercial Harvest,Seine,,,,,,,,,,2019
11/30/2019,N Twin,11831,,,,,,,Commercial Harvest,Seine,,,,,,,,,,2019
11/30/2019,N Twin,27253,,,,,,,Commercial Harvest,Seine,,,,,,,,,,2019
11/30/2019,N Twin,12545,,,,,,,Commercial Harvest,Seine,,,,,,,,,,2019
11/30/2019,N Twin,12247,,,,,,,Commercial Harvest,Seine,,,,,,,,,,2019
11/30/2019,N Twin,5334,,,,,,,Commercial Harvest,Seine,,,,,,,,,,2019
11/30/2019,N Twin,28250,,,,,,,Commercial Harvest,Seine,,,,,,,,,,2019
11/30/2019,N Twin,28213,,,,,,,Commercial Harvest,Seine,,,,,,,,,,2019
11/30/2019,N Twin,28890,,,,,,,Commercial Harvest,Seine,,,,,,,,,,2019
11/30/2019,N Twin,22966,,,,,,,Commercial Harvest,Seine,,,,,,,,,,2019
11/30/2019,N Twin,29988,,,,,,,Commercial Harvest,Seine,,,,,,,,,,2019
11/30/2019,N Twin,12547,,,,,,,Commercial Harvest,Seine,,,,,,,,,,2019
11/30/2019,N Twin,28242,,,,,,,Commercial Harvest,Seine,,,,,,,,,,2019
11/30/2019,N Twin,14292,,,,,,,Commercial Harvest,Seine,,,,,,,,,,2019
11/30/2019,N Twin,25457,,,,,,,Commercial Harvest,Seine,,,,,,,,,,2019
11/30/2019,N Twin,28283,,,,,,,Commercial Harvest,Seine,,,,,,,,,,2019
11/30/2019,N Twin,24741,,,,,,,Commercial Harvest,Seine,,,,,,,,,,2019
11/30/2019,N Twin,22902,,,,,,,Commercial Harvest,Seine,,,,,,,,,,2019
11/30/2019,N Twin,27895,,,,,,,Commercial Harvest,Seine,,,,,,,,,,2019
11/30/2019,N Twin,11725,,,,,,,Commercial Harvest,Seine,,,,,,,,,,2019
11/30/2019,N Twin,27610,,,,,,,Commercial Harvest,Seine,,,,,,,,,,2019
11/30/2019,N Twin,27246,,,,,,,Commercial Harvest,Seine,,,,,,,,,,2019
11/30/2019,N Twin,6457,,,,,,,Commercial Harvest,Seine,,,,,,,,,,2019
11/30/2019,N Twin,14476,,,,,,,Commercial Harvest,Seine,,,,,,,,,,2019
11/30/2019,N Twin,28207,,,,,,,Commercial Harvest,Seine,,,,,,,,,,2019
11/30/2019,N Twin,27210,,,,,,,Commercial Harvest,Seine,,,,,,,,,,2019
11/30/2019,N Twin,29792,,,,,,,Commercial Harvest,Seine,,,,,,,,,,2019
11/30/2019,N Twin,22878,,,,,,,Commercial Harvest,Seine,,,,,,,,,,2019
11/30/2019,N Twin,26136,,,,,,,Commercial Harvest,Seine,,,,,,,,,,2019
11/30/2019,N Twin,14261,,,,,,,Commercial Harvest,Seine,,,,,,,,,,2019
11/30/2019,N Twin,28285,,,,,,,Commercial Harvest,Seine,,,,,,,,,,2019
11/30/2019,N Twin,24566,,,,,,,Commercial Harvest,Seine,,,,,,,,,,2019
11/30/2019,N Twin,24750,,,,,,,Commercial Harvest,Seine,,,,,,,,,,2019
11/30/2019,N Twin,11392,,,,,,,Commercial Harvest,Seine,,,,,,,,,,2019
11/30/2019,N Twin,14431,,,,,,,Commercial Harvest,Seine,,,,,,,,,,2019
11/30/2019,N Twin,24745,,,,,,,Commercial Harvest,Seine,,,,,,,,,,2019
11/30/2019,N Twin,27290,,,,,,,Commercial Harvest,Seine,,,,,,,,,,2019
11/30/2019,N Twin,11957,,,,,,,Commercial Harvest,Seine,,,,,,,,,,2019
11/30/2019,N Twin,27773,,,,,,,Commercial Harvest,Seine,,,,,,,,,,2019
11/30/2019,N Twin,11225,,,,,,,Commercial Harvest,Seine,,,,,,,,,,2019
11/30/2019,N Twin,24525,,,,,,,Commercial Harvest,Seine,,,,,,,,,,2019
11/30/2019,N Twin,11336,,,,,,,Commercial Harvest,Seine,,,,,,,,,,2019
11/30/2019,N Twin,12931,,,,,,,Commercial Harvest,Seine,,,,,,,,,,2019
11/30/2019,N Twin,29987,,,,,,,Commercial Harvest,Seine,,,,,,,,,,2019
11/30/2019,N Twin,5622,,,,,,,Commercial Harvest,Seine,,,,,,,,,,2019
11/30/2019,N Twin,25464,,,,,,,Commercial Harvest,Seine,,,,,,,,,,2019
11/30/2019,N Twin,12373,,,,,,,Commercial Harvest,Seine,,,,,,,,,,2019
7/17/2018,Storm,23780,,,,,,,Recovered Dead,,,,,,,,,,,2018
7/17/2018,Storm,23500,,,,,,,Recovered Dead,,,,,,,,,,,2018
4/23/2019,Five Island,18578,,,,,,,Rereational Harvest: DSM River near Rutland IA,,,,,,,,,,,2019
8/9/2019,Blue,9321,,,,,,,Found in bottom of livewell,EF,,,,,,,,,,2019
8/9/2019,Blue,9036,,,,,,,Found in bottom of livewell,EF,,,,,,,,,,2019
8/5/2019,Blue,8775,,,,,,,"Recreationally caught, tag removed, released alive",,,,,,,,,,,2019
8/5/2019,Blue,9462,,,,,,,"Recreationally caught, tag removed, released alive",,,,,,,,,,,2019
10/15/2019,Silver,21066,,,,,,,Commercial Harvest,Seine,,,,,,,,,,2019
10/15/2019,Silver,29657,,,,,,,Commercial Harvest,Seine,,,,,,,,,,2019
10/15/2019,Silver,29640,,,,,,,Commercial Harvest,Seine,,,,,,,,,,2019
10/15/2019,Silver,19744,,,,,,,Commercial Harvest,Seine,,,,,,,,,,2019
10/15/2019,Silver,25810,,,,,,,Commercial Harvest,Seine,,,,,,,,,,2019
10/15/2019,Silver,22473,,,,,,,Commercial Harvest,Seine,,,,,,,,,,2019
11/6/2019,N Twin,29939,,,,,,,Commercial Harvest,Seine,,,,,,,,,,2019
11/6/2019,N Twin,15135,,,,,,,Commercial Harvest,Seine,,,,,,,,,,2019
11/6/2019,N Twin,25466,,,,,,,Commercial Harvest,Seine,,,,,,,,,,2019
11/6/2019,N Twin,15028,,,,,,,Commercial Harvest,Seine,,,,,,,,,,2019
11/6/2019,N Twin,14264,,,,,,,Commercial Harvest,Seine,,,,,,,,,,2019
11/6/2019,N Twin,16404,,,,,,,Commercial Harvest,Seine,,,,,,,,,,2019
11/6/2019,N Twin,15266,,,,,,,Commercial Harvest,Seine,,,,,,,,,,2019
11/6/2019,N Twin,22870,,,,,,,Commercial Harvest,Seine,,,,,,,,,,2019
11/6/2019,N Twin,12949,,,,,,,Commercial Harvest,Seine,,,,,,,,,,2019
11/6/2019,N Twin,12825,,,,,,,Commercial Harvest,Seine,,,,,,,,,,2019
11/6/2019,N Twin,16283,,,,,,,Commercial Harvest,Seine,,,,,,,,,,2019
11/6/2019,N Twin,15328,,,,,,,Commercial Harvest,Seine,,,,,,,,,,2019
11/6/2019,N Twin,6473,,,,,,,Commercial Harvest,Seine,,,,,,,,,,2019
11/6/2019,N Twin,14296,,,,,,,Commercial Harvest,Seine,,,,,,,,,,2019
11/6/2019,N Twin,22955,,,,,,,Commercial Harvest,Seine,,,,,,,,,,2019
11/6/2019,N Twin,12301,,,,,,,Commercial Harvest,Seine,,,,,,,,,,2019
11/6/2019,N Twin,15081,,,,,,,Commercial Harvest,Seine,,,,,,,,,,2019
11/6/2019,N Twin,29933,,,,,,,Commercial Harvest,Seine,,,,,,,,,,2019
11/6/2019,N Twin,12371,,,,,,,Commercial Harvest,Seine,,,,,,,,,,2019
11/6/2019,N Twin,11431,,,,,,,Commercial Harvest,Seine,,,,,,,,,,2019
11/6/2019,N Twin,15280,,,,,,,Commercial Harvest,Seine,,,,,,,,,,2019
11/6/2019,N Twin,11464,,,,,,,Commercial Harvest,Seine,,,,,,,,,,2019
11/6/2019,N Twin,28837,,,,,,,Commercial Harvest,Seine,,,,,,,,,,2019
11/6/2019,N Twin,12939,,,,,,,Commercial Harvest,Seine,,,,,,,,,,2019
11/6/2019,N Twin,28812,,,,,,,Commercial Harvest,Seine,,,,,,,,,,2019
11/6/2019,N Twin,16528,,,,,,,Commercial Harvest,Seine,,,,,,,,,,2019
11/6/2019,N Twin,5448,,,,,,,Commercial Harvest,Seine,,,,,,,,,,2019
11/6/2019,N Twin,6423,,,,,,,Commercial Harvest,Seine,,,,,,,,,,2019
11/6/2019,N Twin,14849,,,,,,,Commercial Harvest,Seine,,,,,,,,,,2019
11/6/2019,N Twin,14819,,,,,,,Commercial Harvest,Seine,,,,,,,,,,2019
11/6/2019,N Twin,26967,,,,,,,Commercial Harvest,Seine,,,,,,,,,,2019
11/6/2019,N Twin,26906,,,,,,,Commercial Harvest,Seine,,,,,,,,,,2019
11/6/2019,N Twin,11460,,,,,,,Commercial Harvest,Seine,,,,,,,,,,2019
11/6/2019,N Twin,28819,,,,,,,Commercial Harvest,Seine,,,,,,,,,,2019
11/6/2019,N Twin,11274,,,,,,,Commercial Harvest,Seine,,,,,,,,,,2019
11/6/2019,N Twin,5558,,,,,,,Commercial Harvest,Seine,,,,,,,,,,2019
11/6/2019,N Twin,28857,,,,,,,Commercial Harvest,Seine,,,,,,,,,,2019
11/6/2019,N Twin,29944,,,,,,,Commercial Harvest,Seine,,,,,,,,,,2019
11/6/2019,N Twin,12329,,,,,,,Commercial Harvest,Seine,,,,,,,,,,2019
11/6/2019,N Twin,16632,,,,,,,Commercial Harvest,Seine,,,,,,,,,,2019
11/6/2019,N Twin,24505,,,,,,,Commercial Harvest,Seine,,,,,,,,,,2019
11/6/2019,N Twin,11461,,,,,,,Commercial Harvest,Seine,,,,,,,,,,2019
11/6/2019,N Twin,22906,,,,,,,Commercial Harvest,Seine,,,,,,,,,,2019
11/6/2019,N Twin,22896,,,,,,,Commercial Harvest,Seine,,,,,,,,,,2019
11/6/2019,N Twin,22987,,,,,,,Commercial Harvest,Seine,,,,,,,,,,2019
11/6/2019,N Twin,12540,,,,,,,Commercial Harvest,Seine,,,,,,,,,,2019
11/6/2019,N Twin,16056,,,,,,,Commercial Harvest,Seine,,,,,,,,,,2019
11/6/2019,N Twin,26914,,,,,,,Commercial Harvest,Seine,,,,,,,,,,2019
11/6/2019,N Twin,12278,,,,,,,Commercial Harvest,Seine,,,,,,,,,,2019
11/6/2019,N Twin,22984,,,,,,,Commercial Harvest,Seine,,,,,,,,,,2019
11/6/2019,N Twin,5623,,,,,,,Commercial Harvest,Seine,,,,,,,,,,2019
11/6/2019,N Twin,6331,,,,,,,Commercial Harvest,Seine,,,,,,,,,,2019
11/6/2019,N Twin,11907,,,,,,,Commercial Harvest,Seine,,,,,,,,,,2019
11/6/2019,N Twin,22991,,,,,,,Commercial Harvest,Seine,,,,,,,,,,2019
11/6/2019,N Twin,26436,,,,,,,Commercial Harvest,Seine,,,,,,,,,,2019
11/6/2019,N Twin,22876,,,,,,,Commercial Harvest,Seine,,,,,,,,,,2019
11/6/2019,N Twin,14897,,,,,,,Commercial Harvest,Seine,,,,,,,,,,2019
11/6/2019,N Twin,25478,,,,,,,Commercial Harvest,Seine,,,,,,,,,,2019
11/6/2019,N Twin,12513,,,,,,,Commercial Harvest,Seine,,,,,,,,,,2019
11/6/2019,N Twin,11338,,,,,,,Commercial Harvest,Seine,,,,,,,,,,2019
11/6/2019,N Twin,11465,,,,,,,Commercial Harvest,Seine,,,,,,,,,,2019
11/6/2019,N Twin,26915,,,,,,,Commercial Harvest,Seine,,,,,,,,,,2019
11/6/2019,N Twin,22826,,,,,,,Commercial Harvest,Seine,,,,,,,,,,2019
11/6/2019,N Twin,16447,,,,,,,Commercial Harvest,Seine,,,,,,,,,,2019
11/6/2019,N Twin,16402,,,,,,,Commercial Harvest,Seine,,,,,,,,,,2019
11/6/2019,N Twin,11438,,,,,,,Commercial Harvest,Seine,,,,,,,,,,2019
11/6/2019,N Twin,22890,,,,,,,Commercial Harvest,Seine,,,,,,,,,,2019
11/6/2019,N Twin,22960,,,,,,,Commercial Harvest,Seine,,,,,,,,,,2019
11/6/2019,N Twin,22802,,,,,,,Commercial Harvest,Seine,,,,,,,,,,2019
11/6/2019,N Twin,28886,,,,,,,Commercial Harvest,Seine,,,,,,,,,,2019
11/6/2019,N Twin,11909,,,,,,,Commercial Harvest,Seine,,,,,,,,,,2019
11/6/2019,N Twin,12938,,,,,,,Commercial Harvest,Seine,,,,,,,,,,2019
11/6/2019,N Twin,6463,,,,,,,Commercial Harvest,Seine,,,,,,,,,,2019
11/6/2019,N Twin,22864,,,,,,,Commercial Harvest,Seine,,,,,,,,,,2019
11/6/2019,N Twin,14855,,,,,,,Commercial Harvest,Seine,,,,,,,,,,2019
11/6/2019,N Twin,24556,,,,,,,Commercial Harvest,Seine,,,,,,,,,,2019
11/6/2019,N Twin,6733,,,,,,,Commercial Harvest,Seine,,,,,,,,,,2019
11/6/2019,N Twin,6802,,,,,,,Commercial Harvest,Seine,,,,,,,,,,2019
11/6/2019,N Twin,26969,,,,,,,Commercial Harvest,Seine,,,,,,,,,,2019
11/6/2019,N Twin,11440,,,,,,,Commercial Harvest,Seine,,,,,,,,,,2019
11/6/2019,N Twin,12302,,,,,,,Commercial Harvest,Seine,,,,,,,,,,2019
11/6/2019,N Twin,5459,,,,,,,Commercial Harvest,Seine,,,,,,,,,,2019
11/6/2019,N Twin,26474,,,,,,,Commercial Harvest,Seine,,,,,,,,,,2019
11/6/2019,N Twin,26205,,,,,,,Commercial Harvest,Seine,,,,,,,,,,2019
11/6/2019,N Twin,5429,,,,,,,Commercial Harvest,Seine,,,,,,,,,,2019
11/6/2019,N Twin,26010,,,,,,,Commercial Harvest,Seine,,,,,,,,,,2019
11/6/2019,N Twin,6429,,,,,,,Commercial Harvest,Seine,,,,,,,,,,2019
11/6/2019,N Twin,22804,,,,,,,Commercial Harvest,Seine,,,,,,,,,,2019
11/6/2019,N Twin,12963,,,,,,,Commercial Harvest,Seine,,,,,,,,,,2019
11/6/2019,N Twin,15004,,,,,,,Commercial Harvest,Seine,,,,,,,,,,2019
11/6/2019,N Twin,16520,,,,,,,Commercial Harvest,Seine,,,,,,,,,,2019
11/6/2019,N Twin,22851,,,,,,,Commercial Harvest,Seine,,,,,,,,,,2019
11/6/2019,N Twin,12516,,,,,,,Commercial Harvest,Seine,,,,,,,,,,2019
11/6/2019,N Twin,12235,,,,,,,Commercial Harvest,Seine,,,,,,,,,,2019
11/6/2019,N Twin,14475,,,,,,,Commercial Harvest,Seine,,,,,,,,,,2019
11/6/2019,N Twin,22937,,,,,,,Commercial Harvest,Seine,,,,,,,,,,2019
11/6/2019,N Twin,16223,,,,,,,Commercial Harvest,Seine,,,,,,,,,,2019
11/6/2019,N Twin,15005,,,,,,,Commercial Harvest,Seine,,,,,,,,,,2019
11/6/2019,N Twin,22816,,,,,,,Commercial Harvest,Seine,,,,,,,,,,2019
11/6/2019,N Twin,6720,,,,,,,Commercial Harvest,Seine,,,,,,,,,,2019
11/6/2019,N Twin,22930,,,,,,,Commercial Harvest,Seine,,,,,,,,,,2019
11/6/2019,N Twin,26159,,,,,,,Commercial Harvest,Seine,,,,,,,,,,2019
11/6/2019,N Twin,26973,,,,,,,Commercial Harvest,Seine,,,,,,,,,,2019
11/6/2019,N Twin,5445,,,,,,,Commercial Harvest,Seine,,,,,,,,,,2019
11/6/2019,N Twin,24506,,,,,,,Commercial Harvest,Seine,,,,,,,,,,2019
11/6/2019,N Twin,15356,,,,,,,Commercial Harvest,Seine,,,,,,,,,,2019
11/6/2019,N Twin,14435,,,,,,,Commercial Harvest,Seine,,,,,,,,,,2019
11/6/2019,N Twin,24702,,,,,,,Commercial Harvest,Seine,,,,,,,,,,2019
11/6/2019,N Twin,11105,,,,,,,Commercial Harvest,Seine,,,,,,,,,,2019
11/6/2019,N Twin,26972,,,,,,,Commercial Harvest,Seine,,,,,,,,,,2019
11/6/2019,N Twin,5612,,,,,,,Commercial Harvest,Seine,,,,,,,,,,2019
11/6/2019,N Twin,11146,,,,,,,Commercial Harvest,Seine,,,,,,,,,,2019
11/6/2019,N Twin,12279,,,,,,,Commercial Harvest,Seine,,,,,,,,,,2019
11/6/2019,N Twin,6763,,,,,,,Commercial Harvest,Seine,,,,,,,,,,2019
11/6/2019,N Twin,12435,,,,,,,Commercial Harvest,Seine,,,,,,,,,,2019
11/6/2019,N Twin,12527,,,,,,,Commercial Harvest,Seine,,,,,,,,,,2019
11/6/2019,N Twin,22839,,,,,,,Commercial Harvest,Seine,,,,,,,,,,2019
11/25/2019,N Twin,28256,,,,,,,Commercial Harvest,Seine,,,,,,,,,,2019
11/25/2019,N Twin,28286,,,,,,,Commercial Harvest,Seine,,,,,,,,,,2019
11/25/2019,N Twin,27264,,,,,,,Commercial Harvest,Seine,,,,,,,,,,2019
11/25/2019,N Twin,28859,,,,,,,Commercial Harvest,Seine,,,,,,,,,,2019
11/25/2019,N Twin,16027,,,,,,,Commercial Harvest,Seine,,,,,,,,,,2019
11/25/2019,N Twin,28259,,,,,,,Commercial Harvest,Seine,,,,,,,,,,2019
11/25/2019,N Twin,11269,,,,,,,Commercial Harvest,Seine,,,,,,,,,,2019
11/25/2019,N Twin,28245,,,,,,,Commercial Harvest,Seine,,,,,,,,,,2019
11/25/2019,N Twin,6454,,,,,,,Commercial Harvest,Seine,,,,,,,,,,2019
11/25/2019,N Twin,27747,,,,,,,Commercial Harvest,Seine,,,,,,,,,,2019
11/25/2019,N Twin,28223,,,,,,,Commercial Harvest,Seine,,,,,,,,,,2019
11/25/2019,N Twin,28224,,,,,,,Commercial Harvest,Seine,,,,,,,,,,2019
11/25/2019,N Twin,11467,,,,,,,Commercial Harvest,Seine,,,,,,,,,,2019
11/25/2019,N Twin,14235,,,,,,,Commercial Harvest,Seine,,,,,,,,,,2019
11/25/2019,N Twin,6709,,,,,,,Commercial Harvest,Seine,,,,,,,,,,2019
11/25/2019,N Twin,29794,,,,,,,Commercial Harvest,Seine,,,,,,,,,,2019
11/25/2019,N Twin,16300,,,,,,,Commercial Harvest,Seine,,,,,,,,,,2019
11/25/2019,N Twin,27275,,,,,,,Commercial Harvest,Seine,,,,,,,,,,2019
11/25/2019,N Twin,22918,,,,,,,Commercial Harvest,Seine,,,,,,,,,,2019
11/25/2019,N Twin,6315,,,,,,,Commercial Harvest,Seine,,,,,,,,,,2019
11/25/2019,N Twin,26021,,,,,,,Commercial Harvest,Seine,,,,,,,,,,2019
11/25/2019,N Twin,11145,,,,,,,Commercial Harvest,Seine,,,,,,,,,,2019
11/25/2019,N Twin,22819,,,,,,,Commercial Harvest,Seine,,,,,,,,,,2019
11/25/2019,N Twin,27676,,,,,,,Commercial Harvest,Seine,,,,,,,,,,2019
11/25/2019,N Twin,27670,,,,,,,Commercial Harvest,Seine,,,,,,,,,,2019
11/25/2019,N Twin,16437,,,,,,,Commercial Harvest,Seine,,,,,,,,,,2019
11/25/2019,N Twin,11344,,,,,,,Commercial Harvest,Seine,,,,,,,,,,2019
11/25/2019,N Twin,27274,,,,,,,Commercial Harvest,Seine,,,,,,,,,,2019
11/25/2019,N Twin,28290,,,,,,,Commercial Harvest,Seine,,,,,,,,,,2019
11/25/2019,N Twin,6444,,,,,,,Commercial Harvest,Seine,,,,,,,,,,2019
11/25/2019,N Twin,27674,,,,,,,Commercial Harvest,Seine,,,,,,,,,,2019
11/25/2019,N Twin,27267,,,,,,,Commercial Harvest,Seine,,,,,,,,,,2019
11/25/2019,N Twin,14483,,,,,,,Commercial Harvest,Seine,,,,,,,,,,2019
11/25/2019,N Twin,22889,,,,,,,Commercial Harvest,Seine,,,,,,,,,,2019
11/25/2019,N Twin,5608,,,,,,,Commercial Harvest,Seine,,,,,,,,,,2019
11/25/2019,N Twin,27601,,,,,,,Commercial Harvest,Seine,,,,,,,,,,2019
11/25/2019,N Twin,22970,,,,,,,Commercial Harvest,Seine,,,,,,,,,,2019
11/25/2019,N Twin,27691,,,,,,,Commercial Harvest,Seine,,,,,,,,,,2019
11/25/2019,N Twin,27602,,,,,,,Commercial Harvest,Seine,,,,,,,,,,2019
11/25/2019,N Twin,28267,,,,,,,Commercial Harvest,Seine,,,,,,,,,,2019
11/25/2019,N Twin,28824,,,,,,,Commercial Harvest,Seine,,,,,,,,,,2019
11/25/2019,N Twin,29990,,,,,,,Commercial Harvest,Seine,,,,,,,,,,2019
11/25/2019,N Twin,11405,,,,,,,Commercial Harvest,Seine,,,,,,,,,,2019
11/25/2019,N Twin,14279,,,,,,,Commercial Harvest,Seine,,,,,,,,,,2019
11/25/2019,N Twin,27653,,,,,,,Commercial Harvest,Seine,,,,,,,,,,2019
11/25/2019,N Twin,29786,,,,,,,Commercial Harvest,Seine,,,,,,,,,,2019
11/25/2019,N Twin,27779,,,,,,,Commercial Harvest,Seine,,,,,,,,,,2019
11/25/2019,N Twin,26018,,,,,,,Commercial Harvest,Seine,,,,,,,,,,2019
11/25/2019,N Twin,12330,,,,,,,Commercial Harvest,Seine,,,,,,,,,,2019
11/25/2019,N Twin,26158,,,,,,,Commercial Harvest,Seine,,,,,,,,,,2019
11/25/2019,N Twin,16299,,,,,,,Commercial Harvest,Seine,,,,,,,,,,2019
11/25/2019,N Twin,27696,,,,,,,Commercial Harvest,Seine,,,,,,,,,,2019
11/25/2019,N Twin,12239,,,,,,,Commercial Harvest,Seine,,,,,,,,,,2019
11/25/2019,N Twin,29785,,,,,,,Commercial Harvest,Seine,,,,,,,,,,2019
11/25/2019,N Twin,28249,,,,,,,Commercial Harvest,Seine,,,,,,,,,,2019
11/25/2019,N Twin,27794,,,,,,,Commercial Harvest,Seine,,,,,,,,,,2019
11/25/2019,N Twin,27617,,,,,,,Commercial Harvest,Seine,,,,,,,,,,2019
11/25/2019,N Twin,16426,,,,,,,Commercial Harvest,Seine,,,,,,,,,,2019
11/25/2019,N Twin,27667,,,,,,,Commercial Harvest,Seine,,,,,,,,,,2019
11/25/2019,N Twin,27619,,,,,,,Commercial Harvest,Seine,,,,,,,,,,2019
11/25/2019,N Twin,6464,,,,,,,Commercial Harvest,Seine,,,,,,,,,,2019
11/25/2019,N Twin,12962,,,,,,,Commercial Harvest,Seine,,,,,,,,,,2019
11/25/2019,N Twin,27658,,,,,,,Commercial Harvest,Seine,,,,,,,,,,2019
11/25/2019,N Twin,14493,,,,,,,Commercial Harvest,Seine,,,,,,,,,,2019
11/25/2019,N Twin,27624,,,,,,,Commercial Harvest,Seine,,,,,,,,,,2019
11/25/2019,N Twin,28874,,,,,,,Commercial Harvest,Seine,,,,,,,,,,2019
11/25/2019,N Twin,16494,,,,,,,Commercial Harvest,Seine,,,,,,,,,,2019
11/25/2019,N Twin,28229,,,,,,,Commercial Harvest,Seine,,,,,,,,,,2019
11/25/2019,N Twin,15360,,,,,,,Commercial Harvest,Seine,,,,,,,,,,2019
11/25/2019,N Twin,28870,,,,,,,Commercial Harvest,Seine,,,,,,,,,,2019
11/25/2019,N Twin,15116,,,,,,,Commercial Harvest,Seine,,,,,,,,,,2019
11/25/2019,N Twin,16033,,,,,,,Commercial Harvest,Seine,,,,,,,,,,2019
11/25/2019,N Twin,27786,,,,,,,Commercial Harvest,Seine,,,,,,,,,,2019
11/25/2019,N Twin,15235,,,,,,,Commercial Harvest,Seine,,,,,,,,,,2019
11/25/2019,N Twin,16215,,,,,,,Commercial Harvest,Seine,,,,,,,,,,2019
11/25/2019,N Twin,22892,,,,,,,Commercial Harvest,Seine,,,,,,,,,,2019
11/25/2019,N Twin,28806,,,,,,,Commercial Harvest,Seine,,,,,,,,,,2019
11/25/2019,N Twin,28833,,,,,,,Commercial Harvest,Seine,,,,,,,,,,2019
11/25/2019,N Twin,29797,,,,,,,Commercial Harvest,Seine,,,,,,,,,,2019
11/25/2019,N Twin,28281,,,,,,,Commercial Harvest,Seine,,,,,,,,,,2019
11/25/2019,N Twin,27211,,,,,,,Commercial Harvest,Seine,,,,,,,,,,2019
11/25/2019,N Twin,28261,,,,,,,Commercial Harvest,Seine,,,,,,,,,,2019
11/25/2019,N Twin,6774,,,,,,,Commercial Harvest,Seine,,,,,,,,,,2019
11/25/2019,N Twin,28288,,,,,,,Commercial Harvest,Seine,,,,,,,,,,2019
11/25/2019,N Twin,11368,,,,,,,Commercial Harvest,Seine,,,,,,,,,,2019
11/25/2019,N Twin,27679,,,,,,,Commercial Harvest,Seine,,,,,,,,,,2019
11/25/2019,N Twin,28300,,,,,,,Commercial Harvest,Seine,,,,,,,,,,2019
11/25/2019,N Twin,11474,,,,,,,Commercial Harvest,Seine,,,,,,,,,,2019
11/25/2019,N Twin,27201,,,,,,,Commercial Harvest,Seine,,,,,,,,,,2019
11/25/2019,N Twin,27654,,,,,,,Commercial Harvest,Seine,,,,,,,,,,2019
11/25/2019,N Twin,16073,,,,,,,Commercial Harvest,Seine,,,,,,,,,,2019
11/25/2019,N Twin,11384,,,,,,,Commercial Harvest,Seine,,,,,,,,,,2019
11/25/2019,N Twin,27276,,,,,,,Commercial Harvest,Seine,,,,,,,,,,2019
11/25/2019,N Twin,5610,,,,,,,Commercial Harvest,Seine,,,,,,,,,,2019
11/25/2019,N Twin,28882,,,,,,,Commercial Harvest,Seine,,,,,,,,,,2019
11/25/2019,N Twin,28232,,,,,,,Commercial Harvest,Seine,,,,,,,,,,2019
11/25/2019,N Twin,16591,,,,,,,Commercial Harvest,Seine,,,,,,,,,,2019
11/25/2019,N Twin,11340,,,,,,,Commercial Harvest,Seine,,,,,,,,,,2019
11/25/2019,N Twin,22814,,,,,,,Commercial Harvest,Seine,,,,,,,,,,2019
11/25/2019,N Twin,22848,,,,,,,Commercial Harvest,Seine,,,,,,,,,,2019
11/25/2019,N Twin,22898,,,,,,,Commercial Harvest,Seine,,,,,,,,,,2019
11/25/2019,N Twin,28260,,,,,,,Commercial Harvest,Seine,,,,,,,,,,2019
11/25/2019,N Twin,22985,,,,,,,Commercial Harvest,Seine,,,,,,,,,,2019
11/25/2019,N Twin,28221,,,,,,,Commercial Harvest,Seine,,,,,,,,,,2019
11/25/2019,N Twin,22923,,,,,,,Commercial Harvest,Seine,,,,,,,,,,2019
11/25/2019,N Twin,27762,,,,,,,Commercial Harvest,Seine,,,,,,,,,,2019
11/25/2019,N Twin,27742,,,,,,,Commercial Harvest,Seine,,,,,,,,,,2019
11/25/2019,N Twin,27268,,,,,,,Commercial Harvest,Seine,,,,,,,,,,2019
11/25/2019,N Twin,11427,,,,,,,Commercial Harvest,Seine,,,,,,,,,,2019
11/25/2019,N Twin,27743,,,,,,,Commercial Harvest,Seine,,,,,,,,,,2019
11/25/2019,N Twin,27761,,,,,,,Commercial Harvest,Seine,,,,,,,,,,2019
11/25/2019,N Twin,28843,,,,,,,Commercial Harvest,Seine,,,,,,,,,,2019
11/25/2019,N Twin,14442,,,,,,,Commercial Harvest,Seine,,,,,,,,,,2019
11/25/2019,N Twin,27299,,,,,,,Commercial Harvest,Seine,,,,,,,,,,2019
11/25/2019,N Twin,27292,,,,,,,Commercial Harvest,Seine,,,,,,,,,,2019
11/25/2019,N Twin,15165,,,,,,,Commercial Harvest,Seine,,,,,,,,,,2019
11/25/2019,N Twin,6359,,,,,,,Commercial Harvest,Seine,,,,,,,,,,2019
11/25/2019,N Twin,11826,,,,,,,Commercial Harvest,Seine,,,,,,,,,,2019
11/25/2019,N Twin,24503,,,,,,,Commercial Harvest,Seine,,,,,,,,,,2019
11/25/2019,N Twin,16266,,,,,,,Commercial Harvest,Seine,,,,,,,,,,2019
11/25/2019,N Twin,11131,,,,,,,Commercial Harvest,Seine,,,,,,,,,,2019
11/25/2019,N Twin,27735,,,,,,,Commercial Harvest,Seine,,,,,,,,,,2019
11/25/2019,N Twin,27755,,,,,,,Commercial Harvest,Seine,,,,,,,,,,2019
11/25/2019,N Twin,27281,,,,,,,Commercial Harvest,Seine,,,,,,,,,,2019
11/25/2019,N Twin,16536,,,,,,,Commercial Harvest,Seine,,,,,,,,,,2019
11/25/2019,N Twin,6316,,,,,,,Commercial Harvest,Seine,,,,,,,,,,2019
11/25/2019,N Twin,14446,,,,,,,Commercial Harvest,Seine,,,,,,,,,,2019
11/25/2019,N Twin,22869,,,,,,,Commercial Harvest,Seine,,,,,,,,,,2019
11/25/2019,N Twin,29973,,,,,,,Commercial Harvest,Seine,,,,,,,,,,2019
11/25/2019,N Twin,22921,,,,,,,Commercial Harvest,Seine,,,,,,,,,,2019
11/25/2019,N Twin,22841,,,,,,,Commercial Harvest,Seine,,,,,,,,,,2019
11/25/2019,N Twin,27797,,,,,,,Commercial Harvest,Seine,,,,,,,,,,2019
11/25/2019,N Twin,22958,,,,,,,Commercial Harvest,Seine,,,,,,,,,,2019
11/25/2019,N Twin,15049,,,,,,,Commercial Harvest,Seine,,,,,,,,,,2019
11/25/2019,N Twin,26137,,,,,,,Commercial Harvest,Seine,,,,,,,,,,2019
11/25/2019,N Twin,6755,,,,,,,Commercial Harvest,Seine,,,,,,,,,,2019
11/25/2019,N Twin,22825,,,,,,,Commercial Harvest,Seine,,,,,,,,,,2019