Lake,TAG.NUMBER,Structure,Reader,AgeEst,MeanAge
5 Island,Env105,Dorsal,Marcus,13,13
5 Island,Env106,Dorsal,Marcus,16,13.66666667
5 Island,Env112,Dorsal,Marcus,13,9
5 Island,Env117,Dorsal,Marcus,9,8.333333333
5 Island,Env119,Dorsal,Marcus,10,9.333333333
5 Island,Env131,Dorsal,Marcus,11,10.33333333
5 Island,Env132,Dorsal,Marcus,5,6.666666667
5 Island,Env135,Dorsal,Marcus,12,8.666666667
5 Island,Env137,Dorsal,Marcus,8,7.666666667
5 Island,Env146,Dorsal,Marcus,15,11.33333333
5 Island,Env149,Dorsal,Marcus,11,9.333333333
5 Island,Env156,Dorsal,Marcus,16,12.33333333
5 Island,Env157,Dorsal,Marcus,13,9
5 Island,Env161,Dorsal,Marcus,12,9.666666667
5 Island,Env164,Dorsal,Marcus,9,7.666666667
5 Island,Env167,Dorsal,Marcus,11,10
5 Island,Env168,Dorsal,Marcus,3,3.333333333
5 Island,Env169,Dorsal,Marcus,10,8.666666667
5 Island,Env172,Dorsal,Marcus,3,2.666666667
5 Island,Env176,Dorsal,Marcus,12,8
5 Island,Env182,Dorsal,Marcus,6,6.666666667
5 Island,Env183,Dorsal,Marcus,6,6
5 Island,Env189,Dorsal,Marcus,12,10
5 Island,Env235,Dorsal,Marcus,15,11.66666667
5 Island,Env236,Dorsal,Marcus,12,9.333333333
5 Island,Env244,Dorsal,Marcus,16,11.66666667
5 Island,Env246,Dorsal,Marcus,4,3.333333333
5 Island,Env247,Dorsal,Marcus,10,7.333333333
5 Island,Env249,Dorsal,Marcus,3,3
5 Island,Env250,Dorsal,Marcus,4,2.666666667
5 Island,Env254,Dorsal,Marcus,,NA
5 Island,Env256,Dorsal,Marcus,3,3
5 Island,Env259,Dorsal,Marcus,3,3.666666667
5 Island,Env265,Dorsal,Marcus,2,2
5 Island,Env268,Dorsal,Marcus,11,8.333333333
Center,Env101,Dorsal,Marcus,8,4.666666667
Center,Env11,Dorsal,Marcus,5,4.666666667
Center,Env113,Dorsal,Marcus,5,3.666666667
Center,Env131,Dorsal,Marcus,7,5.666666667
Center,Env19,Dorsal,Marcus,7,6
Center,Env23,Dorsal,Marcus,6,5
Center,Env3,Dorsal,Marcus,3,3.333333333
Center,Env36,Dorsal,Marcus,11,8.333333333
Center,Env39,Dorsal,Marcus,6,5.666666667
Center,Env44,Dorsal,Marcus,4,3.666666667
Center,Env45,Dorsal,Marcus,,NA
Center,Env5,Dorsal,Marcus,10,8.333333333
Center,Env51,Dorsal,Marcus,,NA
Center,Env52,Dorsal,Marcus,7,8.666666667
Center,Env58,Dorsal,Marcus,14,9
Center,Env59,Dorsal,Marcus,5,4.666666667
Center,Env61,Dorsal,Marcus,6,5
Center,Env62,Dorsal,Marcus,12,9.666666667
Center,Env63,Dorsal,Marcus,10,8
Center,Env64,Dorsal,Marcus,7,6
Center,Env66,Dorsal,Marcus,4,3.666666667
Center,Env71,Dorsal,Marcus,9,9
Center,Env72,Dorsal,Marcus,10,9.333333333
Center,Env73,Dorsal,Marcus,8,7.333333333
Center,Env74,Dorsal,Marcus,13,12.33333333
Center,Env75,Dorsal,Marcus,10,6.666666667
Center,Env79,Dorsal,Marcus,7,6.666666667
Center,Env8,Dorsal,Marcus,5,4
Center,Env83,Dorsal,Marcus,9,7
Center,Env89,Dorsal,Marcus,12,9.333333333
Silver,Env100,Dorsal,Marcus,6,5
Silver,Env101,Dorsal,Marcus,4,3
Silver,Env107,Dorsal,Marcus,6,5
Silver,Env121,Dorsal,Marcus,7,6.666666667
Silver,Env123,Dorsal,Marcus,14,10.66666667
Silver,Env13,Dorsal,Marcus,6,4.666666667
Silver,Env137,Dorsal,Marcus,4,3.666666667
Silver,Env14,Dorsal,Marcus,15,11
Silver,Env140,Dorsal,Marcus,12,7.666666667
Silver,Env141,Dorsal,Marcus,4,3.333333333
Silver,Env142,Dorsal,Marcus,9,8
Silver,Env15,Dorsal,Marcus,9,6.333333333
Silver,Env18,Dorsal,Marcus,2,2
Silver,Env19,Dorsal,Marcus,5,4
Silver,Env2,Dorsal,Marcus,10,7.333333333
Silver,Env25,Dorsal,Marcus,13,7
Silver,Env27,Dorsal,Marcus,4,3.666666667
Silver,Env28,Dorsal,Marcus,10,7.333333333
Silver,Env29,Dorsal,Marcus,12,8
Silver,Env3,Dorsal,Marcus,12,9.5
Silver,Env30,Dorsal,Marcus,4,2.666666667
Silver,Env47,Dorsal,Marcus,2,2.666666667
Silver,Env48,Dorsal,Marcus,3,2.666666667
Silver,Env49,Dorsal,Marcus,4,2.666666667
Silver,Env53,Dorsal,Marcus,11,8.666666667
Silver,Env55,Dorsal,Marcus,4,4.333333333
Silver,Env6,Dorsal,Marcus,4,4.333333333
Silver,Env60,Dorsal,Marcus,,NA
Silver,Env61,Dorsal,Marcus,11,8.666666667
Silver,Env63,Dorsal,Marcus,4,3
Silver,Env66,Dorsal,Marcus,13,9
Silver,Env67,Dorsal,Marcus,5,3.666666667
Silver,Env82,Dorsal,Marcus,4,4
Silver,Env84,Dorsal,Marcus,4,3.666666667
Silver,Env87,Dorsal,Marcus,5,4.333333333
Silver,Env89,Dorsal,Marcus,7,5.666666667
Silver,Env93,Dorsal,Marcus,4,3.333333333
Silver,Env94,Dorsal,Marcus,10,9.333333333
Silver,Env97,Dorsal,Marcus,14,10.66666667
Silver,Env99,Dorsal,Marcus,10,7.333333333
5 Island,Env105,Dorsal,Drake,13,13
5 Island,Env106,Dorsal,Drake,13,13.66666667
5 Island,Env112,Dorsal,Drake,8,9
5 Island,Env117,Dorsal,Drake,8,8.333333333
5 Island,Env119,Dorsal,Drake,8,9.333333333
5 Island,Env131,Dorsal,Drake,13,10.33333333
5 Island,Env132,Dorsal,Drake,8,6.666666667
5 Island,Env135,Dorsal,Drake,7,8.666666667
5 Island,Env137,Dorsal,Drake,7,7.666666667
5 Island,Env146,Dorsal,Drake,10,11.33333333
5 Island,Env149,Dorsal,Drake,9,9.333333333
5 Island,Env156,Dorsal,Drake,14,12.33333333
5 Island,Env157,Dorsal,Drake,7,9
5 Island,Env161,Dorsal,Drake,13,9.666666667
5 Island,Env164,Dorsal,Drake,9,7.666666667
5 Island,Env167,Dorsal,Drake,10,10
5 Island,Env168,Dorsal,Drake,5,3.333333333
5 Island,Env169,Dorsal,Drake,9,8.666666667
5 Island,Env172,Dorsal,Drake,3,2.666666667
5 Island,Env176,Dorsal,Drake,8,8
5 Island,Env182,Dorsal,Drake,10,6.666666667
5 Island,Env183,Dorsal,Drake,7,6
5 Island,Env189,Dorsal,Drake,10,10
5 Island,Env235,Dorsal,Drake,11,11.66666667
5 Island,Env236,Dorsal,Drake,11,9.333333333
5 Island,Env244,Dorsal,Drake,12,11.66666667
5 Island,Env246,Dorsal,Drake,4,3.333333333
5 Island,Env247,Dorsal,Drake,8,7.333333333
5 Island,Env249,Dorsal,Drake,3,3
5 Island,Env250,Dorsal,Drake,2,2.666666667
5 Island,Env254,Dorsal,Drake,,NA
5 Island,Env256,Dorsal,Drake,3,3
5 Island,Env259,Dorsal,Drake,5,3.666666667
5 Island,Env265,Dorsal,Drake,2,2
5 Island,Env268,Dorsal,Drake,10,8.333333333
Center,Env101,Dorsal,Drake,3,4.666666667
Center,Env11,Dorsal,Drake,5,4.666666667
Center,Env113,Dorsal,Drake,3,3.666666667
Center,Env131,Dorsal,Drake,6,5.666666667
Center,Env19,Dorsal,Drake,7,6
Center,Env23,Dorsal,Drake,6,5
Center,Env3,Dorsal,Drake,3,3.333333333
Center,Env36,Dorsal,Drake,9,8.333333333
Center,Env39,Dorsal,Drake,6,5.666666667
Center,Env44,Dorsal,Drake,4,3.666666667
Center,Env45,Dorsal,Drake,,NA
Center,Env5,Dorsal,Drake,8,8.333333333
Center,Env51,Dorsal,Drake,,NA
Center,Env52,Dorsal,Drake,13,8.666666667
Center,Env58,Dorsal,Drake,8,9
Center,Env59,Dorsal,Drake,5,4.666666667
Center,Env61,Dorsal,Drake,5,5
Center,Env62,Dorsal,Drake,10,9.666666667
Center,Env63,Dorsal,Drake,8,8
Center,Env64,Dorsal,Drake,5,6
Center,Env66,Dorsal,Drake,4,3.666666667
Center,Env71,Dorsal,Drake,8,9
Center,Env72,Dorsal,Drake,10,9.333333333
Center,Env73,Dorsal,Drake,7,7.333333333
Center,Env74,Dorsal,Drake,13,12.33333333
Center,Env75,Dorsal,Drake,7,6.666666667
Center,Env79,Dorsal,Drake,7,6.666666667
Center,Env8,Dorsal,Drake,3,4
Center,Env83,Dorsal,Drake,8,7
Center,Env89,Dorsal,Drake,8,9.333333333
Silver,Env100,Dorsal,Drake,4,5
Silver,Env101,Dorsal,Drake,2,3
Silver,Env107,Dorsal,Drake,4,5
Silver,Env121,Dorsal,Drake,7,6.666666667
Silver,Env123,Dorsal,Drake,12,10.66666667
Silver,Env13,Dorsal,Drake,5,4.666666667
Silver,Env137,Dorsal,Drake,4,3.666666667
Silver,Env14,Dorsal,Drake,10,11
Silver,Env140,Dorsal,Drake,7,7.666666667
Silver,Env141,Dorsal,Drake,3,3.333333333
Silver,Env142,Dorsal,Drake,7,8
Silver,Env15,Dorsal,Drake,6,6.333333333
Silver,Env18,Dorsal,Drake,2,2
Silver,Env19,Dorsal,Drake,4,4
Silver,Env2,Dorsal,Drake,6,7.333333333
Silver,Env25,Dorsal,Drake,3,7
Silver,Env27,Dorsal,Drake,4,3.666666667
Silver,Env28,Dorsal,Drake,7,7.333333333
Silver,Env29,Dorsal,Drake,6,8
Silver,Env3,Dorsal,Drake,7,9.5
Silver,Env30,Dorsal,Drake,2,2.666666667
Silver,Env47,Dorsal,Drake,4,2.666666667
Silver,Env48,Dorsal,Drake,2,2.666666667
Silver,Env49,Dorsal,Drake,2,2.666666667
Silver,Env53,Dorsal,Drake,10,8.666666667
Silver,Env55,Dorsal,Drake,5,4.333333333
Silver,Env6,Dorsal,Drake,5,4.333333333
Silver,Env60,Dorsal,Drake,,NA
Silver,Env61,Dorsal,Drake,10,8.666666667
Silver,Env63,Dorsal,Drake,3,3
Silver,Env66,Dorsal,Drake,8,9
Silver,Env67,Dorsal,Drake,4,3.666666667
Silver,Env82,Dorsal,Drake,5,4
Silver,Env84,Dorsal,Drake,4,3.666666667
Silver,Env87,Dorsal,Drake,4,4.333333333
Silver,Env89,Dorsal,Drake,5,5.666666667
Silver,Env93,Dorsal,Drake,3,3.333333333
Silver,Env94,Dorsal,Drake,10,9.333333333
Silver,Env97,Dorsal,Drake,12,10.66666667
Silver,Env99,Dorsal,Drake,6,7.333333333
5 Island,Env105,Dorsal,Marty,13,13
5 Island,Env106,Dorsal,Marty,12,13.66666667
5 Island,Env112,Dorsal,Marty,6,9
5 Island,Env117,Dorsal,Marty,8,8.333333333
5 Island,Env119,Dorsal,Marty,10,9.333333333
5 Island,Env131,Dorsal,Marty,7,10.33333333
5 Island,Env132,Dorsal,Marty,7,6.666666667
5 Island,Env135,Dorsal,Marty,7,8.666666667
5 Island,Env137,Dorsal,Marty,8,7.666666667
5 Island,Env146,Dorsal,Marty,9,11.33333333
5 Island,Env149,Dorsal,Marty,8,9.333333333
5 Island,Env156,Dorsal,Marty,7,12.33333333
5 Island,Env157,Dorsal,Marty,7,9
5 Island,Env161,Dorsal,Marty,4,9.666666667
5 Island,Env164,Dorsal,Marty,5,7.666666667
5 Island,Env167,Dorsal,Marty,9,10
5 Island,Env168,Dorsal,Marty,2,3.333333333
5 Island,Env169,Dorsal,Marty,7,8.666666667
5 Island,Env172,Dorsal,Marty,2,2.666666667
5 Island,Env176,Dorsal,Marty,4,8
5 Island,Env182,Dorsal,Marty,4,6.666666667
5 Island,Env183,Dorsal,Marty,5,6
5 Island,Env189,Dorsal,Marty,8,10
5 Island,Env235,Dorsal,Marty,9,11.66666667
5 Island,Env236,Dorsal,Marty,5,9.333333333
5 Island,Env244,Dorsal,Marty,7,11.66666667
5 Island,Env246,Dorsal,Marty,2,3.333333333
5 Island,Env247,Dorsal,Marty,4,7.333333333
5 Island,Env249,Dorsal,Marty,3,3
5 Island,Env250,Dorsal,Marty,2,2.666666667
5 Island,Env254,Dorsal,Marty,,NA
5 Island,Env256,Dorsal,Marty,3,3
5 Island,Env259,Dorsal,Marty,3,3.666666667
5 Island,Env265,Dorsal,Marty,2,2
5 Island,Env268,Dorsal,Marty,4,8.333333333
Center,Env101,Dorsal,Marty,3,4.666666667
Center,Env11,Dorsal,Marty,4,4.666666667
Center,Env113,Dorsal,Marty,3,3.666666667
Center,Env131,Dorsal,Marty,4,5.666666667
Center,Env19,Dorsal,Marty,4,6
Center,Env23,Dorsal,Marty,3,5
Center,Env3,Dorsal,Marty,4,3.333333333
Center,Env36,Dorsal,Marty,5,8.333333333
Center,Env39,Dorsal,Marty,5,5.666666667
Center,Env44,Dorsal,Marty,3,3.666666667
Center,Env45,Dorsal,Marty,,NA
Center,Env5,Dorsal,Marty,7,8.333333333
Center,Env51,Dorsal,Marty,,NA
Center,Env52,Dorsal,Marty,6,8.666666667
Center,Env58,Dorsal,Marty,5,9
Center,Env59,Dorsal,Marty,4,4.666666667
Center,Env61,Dorsal,Marty,4,5
Center,Env62,Dorsal,Marty,7,9.666666667
Center,Env63,Dorsal,Marty,6,8
Center,Env64,Dorsal,Marty,6,6
Center,Env66,Dorsal,Marty,3,3.666666667
Center,Env71,Dorsal,Marty,10,9
Center,Env72,Dorsal,Marty,8,9.333333333
Center,Env73,Dorsal,Marty,7,7.333333333
Center,Env74,Dorsal,Marty,11,12.33333333
Center,Env75,Dorsal,Marty,3,6.666666667
Center,Env79,Dorsal,Marty,6,6.666666667
Center,Env8,Dorsal,Marty,4,4
Center,Env83,Dorsal,Marty,4,7
Center,Env89,Dorsal,Marty,8,9.333333333
Silver,Env100,Dorsal,Marty,5,5
Silver,Env101,Dorsal,Marty,3,3
Silver,Env107,Dorsal,Marty,5,5
Silver,Env121,Dorsal,Marty,6,6.666666667
Silver,Env123,Dorsal,Marty,6,10.66666667
Silver,Env13,Dorsal,Marty,3,4.666666667
Silver,Env137,Dorsal,Marty,3,3.666666667
Silver,Env14,Dorsal,Marty,8,11
Silver,Env140,Dorsal,Marty,4,7.666666667
Silver,Env141,Dorsal,Marty,3,3.333333333
Silver,Env142,Dorsal,Marty,8,8
Silver,Env15,Dorsal,Marty,4,6.333333333
Silver,Env18,Dorsal,Marty,2,2
Silver,Env19,Dorsal,Marty,3,4
Silver,Env2,Dorsal,Marty,6,7.333333333
Silver,Env25,Dorsal,Marty,5,7
Silver,Env27,Dorsal,Marty,3,3.666666667
Silver,Env28,Dorsal,Marty,5,7.333333333
Silver,Env29,Dorsal,Marty,6,8
Silver,Env3,Dorsal,Marty,,9.5
Silver,Env30,Dorsal,Marty,2,2.666666667
Silver,Env47,Dorsal,Marty,2,2.666666667
Silver,Env48,Dorsal,Marty,3,2.666666667
Silver,Env49,Dorsal,Marty,2,2.666666667
Silver,Env53,Dorsal,Marty,5,8.666666667
Silver,Env55,Dorsal,Marty,4,4.333333333
Silver,Env6,Dorsal,Marty,4,4.333333333
Silver,Env60,Dorsal,Marty,,NA
Silver,Env61,Dorsal,Marty,5,8.666666667
Silver,Env63,Dorsal,Marty,2,3
Silver,Env66,Dorsal,Marty,6,9
Silver,Env67,Dorsal,Marty,2,3.666666667
Silver,Env82,Dorsal,Marty,3,4
Silver,Env84,Dorsal,Marty,3,3.666666667
Silver,Env87,Dorsal,Marty,4,4.333333333
Silver,Env89,Dorsal,Marty,5,5.666666667
Silver,Env93,Dorsal,Marty,3,3.333333333
Silver,Env94,Dorsal,Marty,8,9.333333333
Silver,Env97,Dorsal,Marty,6,10.66666667
Silver,Env99,Dorsal,Marty,6,7.333333333
5 Island,Env105,Pectoral,Marcus,13,13.33333333
5 Island,Env106,Pectoral,Marcus,17,14.66666667
5 Island,Env112,Pectoral,Marcus,12,9
5 Island,Env117,Pectoral,Marcus,10,8.333333333
5 Island,Env119,Pectoral,Marcus,11,10
5 Island,Env131,Pectoral,Marcus,11,8
5 Island,Env132,Pectoral,Marcus,15,12
5 Island,Env135,Pectoral,Marcus,13,13
5 Island,Env137,Pectoral,Marcus,15,10.33333333
5 Island,Env146,Pectoral,Marcus,12,9.666666667
5 Island,Env149,Pectoral,Marcus,14,13
5 Island,Env156,Pectoral,Marcus,15,14.33333333
5 Island,Env157,Pectoral,Marcus,13,11.33333333
5 Island,Env161,Pectoral,Marcus,14,11.66666667
5 Island,Env164,Pectoral,Marcus,9,8.333333333
5 Island,Env167,Pectoral,Marcus,15,12.66666667
5 Island,Env168,Pectoral,Marcus,3,2.666666667
5 Island,Env169,Pectoral,Marcus,16,15.33333333
5 Island,Env172,Pectoral,Marcus,3,2.333333333
5 Island,Env176,Pectoral,Marcus,15,13.33333333
5 Island,Env182,Pectoral,Marcus,7,6
5 Island,Env183,Pectoral,Marcus,7,6
5 Island,Env189,Pectoral,Marcus,13,12.33333333
5 Island,Env235,Pectoral,Marcus,12,10.66666667
5 Island,Env236,Pectoral,Marcus,13,13.33333333
5 Island,Env244,Pectoral,Marcus,12,11
5 Island,Env246,Pectoral,Marcus,,2
5 Island,Env247,Pectoral,Marcus,14,11.33333333
5 Island,Env249,Pectoral,Marcus,3,3
5 Island,Env250,Pectoral,Marcus,,NA
5 Island,Env254,Pectoral,Marcus,3,3
5 Island,Env256,Pectoral,Marcus,3,2.666666667
5 Island,Env259,Pectoral,Marcus,3,3
5 Island,Env265,Pectoral,Marcus,,NA
5 Island,Env268,Pectoral,Marcus,12,11.33333333
Center,Env101,Pectoral,Marcus,8,6
Center,Env11,Pectoral,Marcus,5,5
Center,Env113,Pectoral,Marcus,4,3.666666667
Center,Env131,Pectoral,Marcus,7,5.666666667
Center,Env19,Pectoral,Marcus,7,6.333333333
Center,Env23,Pectoral,Marcus,,NA
Center,Env3,Pectoral,Marcus,4,4
Center,Env36,Pectoral,Marcus,11,11
Center,Env39,Pectoral,Marcus,7,5.666666667
Center,Env44,Pectoral,Marcus,5,4.666666667
Center,Env45,Pectoral,Marcus,5,4.333333333
Center,Env5,Pectoral,Marcus,11,10.33333333
Center,Env51,Pectoral,Marcus,4,4
Center,Env52,Pectoral,Marcus,10,8
Center,Env58,Pectoral,Marcus,14,9.333333333
Center,Env59,Pectoral,Marcus,11,11
Center,Env61,Pectoral,Marcus,13,11.33333333
Center,Env62,Pectoral,Marcus,13,11.33333333
Center,Env63,Pectoral,Marcus,10,9
Center,Env64,Pectoral,Marcus,13,12
Center,Env66,Pectoral,Marcus,5,4.333333333
Center,Env71,Pectoral,Marcus,10,11
Center,Env72,Pectoral,Marcus,12,12
Center,Env73,Pectoral,Marcus,10,12.33333333
Center,Env74,Pectoral,Marcus,,NA
Center,Env75,Pectoral,Marcus,9,6.666666667
Center,Env79,Pectoral,Marcus,11,10.33333333
Center,Env8,Pectoral,Marcus,5,4.333333333
Center,Env83,Pectoral,Marcus,10,11
Center,Env89,Pectoral,Marcus,10,10.33333333
Silver,Env100,Pectoral,Marcus,8,6.666666667
Silver,Env101,Pectoral,Marcus,4,3.333333333
Silver,Env107,Pectoral,Marcus,2,2
Silver,Env121,Pectoral,Marcus,8,6
Silver,Env123,Pectoral,Marcus,10,7.666666667
Silver,Env13,Pectoral,Marcus,6,5
Silver,Env137,Pectoral,Marcus,4,3
Silver,Env14,Pectoral,Marcus,14,11.66666667
Silver,Env140,Pectoral,Marcus,13,10.66666667
Silver,Env141,Pectoral,Marcus,4,3.333333333
Silver,Env142,Pectoral,Marcus,9,8.333333333
Silver,Env15,Pectoral,Marcus,8,7.333333333
Silver,Env18,Pectoral,Marcus,,2.5
Silver,Env19,Pectoral,Marcus,4,3
Silver,Env2,Pectoral,Marcus,12,10
Silver,Env25,Pectoral,Marcus,19,15
Silver,Env27,Pectoral,Marcus,5,4.333333333
Silver,Env28,Pectoral,Marcus,12,11.66666667
Silver,Env29,Pectoral,Marcus,13,11
Silver,Env3,Pectoral,Marcus,12,10
Silver,Env30,Pectoral,Marcus,4,3.333333333
Silver,Env47,Pectoral,Marcus,,NA
Silver,Env48,Pectoral,Marcus,,NA
Silver,Env49,Pectoral,Marcus,3,2.333333333
Silver,Env53,Pectoral,Marcus,13,12.33333333
Silver,Env55,Pectoral,Marcus,5,4.333333333
Silver,Env6,Pectoral,Marcus,4,3.333333333
Silver,Env60,Pectoral,Marcus,3,3
Silver,Env61,Pectoral,Marcus,11,10
Silver,Env63,Pectoral,Marcus,4,3.333333333
Silver,Env66,Pectoral,Marcus,15,13.33333333
Silver,Env67,Pectoral,Marcus,4,3.333333333
Silver,Env82,Pectoral,Marcus,4,3.333333333
Silver,Env84,Pectoral,Marcus,4,3
Silver,Env87,Pectoral,Marcus,4,3.666666667
Silver,Env89,Pectoral,Marcus,8,6.666666667
Silver,Env93,Pectoral,Marcus,,NA
Silver,Env94,Pectoral,Marcus,11,9.333333333
Silver,Env97,Pectoral,Marcus,13,8.666666667
Silver,Env99,Pectoral,Marcus,11,8.666666667
5 Island,Env105,Pectoral,Drake,13,13.33333333
5 Island,Env106,Pectoral,Drake,13,14.66666667
5 Island,Env112,Pectoral,Drake,8,9
5 Island,Env117,Pectoral,Drake,8,8.333333333
5 Island,Env119,Pectoral,Drake,9,10
5 Island,Env131,Pectoral,Drake,3,8
5 Island,Env132,Pectoral,Drake,11,12
5 Island,Env135,Pectoral,Drake,13,13
5 Island,Env137,Pectoral,Drake,10,10.33333333
5 Island,Env146,Pectoral,Drake,8,9.666666667
5 Island,Env149,Pectoral,Drake,13,13
5 Island,Env156,Pectoral,Drake,14,14.33333333
5 Island,Env157,Pectoral,Drake,10,11.33333333
5 Island,Env161,Pectoral,Drake,9,11.66666667
5 Island,Env164,Pectoral,Drake,7,8.333333333
5 Island,Env167,Pectoral,Drake,11,12.66666667
5 Island,Env168,Pectoral,Drake,2,2.666666667
5 Island,Env169,Pectoral,Drake,15,15.33333333
5 Island,Env172,Pectoral,Drake,2,2.333333333
5 Island,Env176,Pectoral,Drake,11,13.33333333
5 Island,Env182,Pectoral,Drake,6,6
5 Island,Env183,Pectoral,Drake,5,6
5 Island,Env189,Pectoral,Drake,12,12.33333333
5 Island,Env235,Pectoral,Drake,10,10.66666667
5 Island,Env236,Pectoral,Drake,14,13.33333333
5 Island,Env244,Pectoral,Drake,10,11
5 Island,Env246,Pectoral,Drake,2,2
5 Island,Env247,Pectoral,Drake,12,11.33333333
5 Island,Env249,Pectoral,Drake,3,3
5 Island,Env250,Pectoral,Drake,,NA
5 Island,Env254,Pectoral,Drake,3,3
5 Island,Env256,Pectoral,Drake,2,2.666666667
5 Island,Env259,Pectoral,Drake,3,3
5 Island,Env265,Pectoral,Drake,,NA
5 Island,Env268,Pectoral,Drake,12,11.33333333
Center,Env101,Pectoral,Drake,5,6
Center,Env11,Pectoral,Drake,5,5
Center,Env113,Pectoral,Drake,4,3.666666667
Center,Env131,Pectoral,Drake,5,5.666666667
Center,Env19,Pectoral,Drake,6,6.333333333
Center,Env23,Pectoral,Drake,,NA
Center,Env3,Pectoral,Drake,4,4
Center,Env36,Pectoral,Drake,12,11
Center,Env39,Pectoral,Drake,5,5.666666667
Center,Env44,Pectoral,Drake,5,4.666666667
Center,Env45,Pectoral,Drake,4,4.333333333
Center,Env5,Pectoral,Drake,10,10.33333333
Center,Env51,Pectoral,Drake,4,4
Center,Env52,Pectoral,Drake,8,8
Center,Env58,Pectoral,Drake,7,9.333333333
Center,Env59,Pectoral,Drake,11,11
Center,Env61,Pectoral,Drake,11,11.33333333
Center,Env62,Pectoral,Drake,13,11.33333333
Center,Env63,Pectoral,Drake,9,9
Center,Env64,Pectoral,Drake,13,12
Center,Env66,Pectoral,Drake,4,4.333333333
Center,Env71,Pectoral,Drake,13,11
Center,Env72,Pectoral,Drake,12,12
Center,Env73,Pectoral,Drake,12,12.33333333
Center,Env74,Pectoral,Drake,,NA
Center,Env75,Pectoral,Drake,5,6.666666667
Center,Env79,Pectoral,Drake,13,10.33333333
Center,Env8,Pectoral,Drake,5,4.333333333
Center,Env83,Pectoral,Drake,16,11
Center,Env89,Pectoral,Drake,11,10.33333333
Silver,Env100,Pectoral,Drake,6,6.666666667
Silver,Env101,Pectoral,Drake,3,3.333333333
Silver,Env107,Pectoral,Drake,2,2
Silver,Env121,Pectoral,Drake,5,6
Silver,Env123,Pectoral,Drake,6,7.666666667
Silver,Env13,Pectoral,Drake,5,5
Silver,Env137,Pectoral,Drake,3,3
Silver,Env14,Pectoral,Drake,10,11.66666667
Silver,Env140,Pectoral,Drake,10,10.66666667
Silver,Env141,Pectoral,Drake,3,3.333333333
Silver,Env142,Pectoral,Drake,6,8.333333333
Silver,Env15,Pectoral,Drake,5,7.333333333
Silver,Env18,Pectoral,Drake,4,2.5
Silver,Env19,Pectoral,Drake,3,3
Silver,Env2,Pectoral,Drake,8,10
Silver,Env25,Pectoral,Drake,17,15
Silver,Env27,Pectoral,Drake,4,4.333333333
Silver,Env28,Pectoral,Drake,12,11.66666667
Silver,Env29,Pectoral,Drake,9,11
Silver,Env3,Pectoral,Drake,8,10
Silver,Env30,Pectoral,Drake,4,3.333333333
Silver,Env47,Pectoral,Drake,,NA
Silver,Env48,Pectoral,Drake,,NA
Silver,Env49,Pectoral,Drake,2,2.333333333
Silver,Env53,Pectoral,Drake,12,12.33333333
Silver,Env55,Pectoral,Drake,3,4.333333333
Silver,Env6,Pectoral,Drake,3,3.333333333
Silver,Env60,Pectoral,Drake,3,3
Silver,Env61,Pectoral,Drake,9,10
Silver,Env63,Pectoral,Drake,3,3.333333333
Silver,Env66,Pectoral,Drake,13,13.33333333
Silver,Env67,Pectoral,Drake,3,3.333333333
Silver,Env82,Pectoral,Drake,3,3.333333333
Silver,Env84,Pectoral,Drake,2,3
Silver,Env87,Pectoral,Drake,3,3.666666667
Silver,Env89,Pectoral,Drake,5,6.666666667
Silver,Env93,Pectoral,Drake,,NA
Silver,Env94,Pectoral,Drake,7,9.333333333
Silver,Env97,Pectoral,Drake,6,8.666666667
Silver,Env99,Pectoral,Drake,7,8.666666667
5 Island,Env105,Pectoral,Marty,14,13.33333333
5 Island,Env106,Pectoral,Marty,14,14.66666667
5 Island,Env112,Pectoral,Marty,7,9
5 Island,Env117,Pectoral,Marty,7,8.333333333
5 Island,Env119,Pectoral,Marty,10,10
5 Island,Env131,Pectoral,Marty,10,8
5 Island,Env132,Pectoral,Marty,10,12
5 Island,Env135,Pectoral,Marty,13,13
5 Island,Env137,Pectoral,Marty,6,10.33333333
5 Island,Env146,Pectoral,Marty,9,9.666666667
5 Island,Env149,Pectoral,Marty,12,13
5 Island,Env156,Pectoral,Marty,14,14.33333333
5 Island,Env157,Pectoral,Marty,11,11.33333333
5 Island,Env161,Pectoral,Marty,12,11.66666667
5 Island,Env164,Pectoral,Marty,9,8.333333333
5 Island,Env167,Pectoral,Marty,12,12.66666667
5 Island,Env168,Pectoral,Marty,3,2.666666667
5 Island,Env169,Pectoral,Marty,15,15.33333333
5 Island,Env172,Pectoral,Marty,2,2.333333333
5 Island,Env176,Pectoral,Marty,14,13.33333333
5 Island,Env182,Pectoral,Marty,5,6
5 Island,Env183,Pectoral,Marty,6,6
5 Island,Env189,Pectoral,Marty,12,12.33333333
5 Island,Env235,Pectoral,Marty,10,10.66666667
5 Island,Env236,Pectoral,Marty,13,13.33333333
5 Island,Env244,Pectoral,Marty,11,11
5 Island,Env246,Pectoral,Marty,,2
5 Island,Env247,Pectoral,Marty,8,11.33333333
5 Island,Env249,Pectoral,Marty,3,3
5 Island,Env250,Pectoral,Marty,,NA
5 Island,Env254,Pectoral,Marty,3,3
5 Island,Env256,Pectoral,Marty,3,2.666666667
5 Island,Env259,Pectoral,Marty,3,3
5 Island,Env265,Pectoral,Marty,,NA
5 Island,Env268,Pectoral,Marty,10,11.33333333
Center,Env101,Pectoral,Marty,5,6
Center,Env11,Pectoral,Marty,5,5
Center,Env113,Pectoral,Marty,3,3.666666667
Center,Env131,Pectoral,Marty,5,5.666666667
Center,Env19,Pectoral,Marty,6,6.333333333
Center,Env23,Pectoral,Marty,,NA
Center,Env3,Pectoral,Marty,4,4
Center,Env36,Pectoral,Marty,10,11
Center,Env39,Pectoral,Marty,5,5.666666667
Center,Env44,Pectoral,Marty,4,4.666666667
Center,Env45,Pectoral,Marty,4,4.333333333
Center,Env5,Pectoral,Marty,10,10.33333333
Center,Env51,Pectoral,Marty,4,4
Center,Env52,Pectoral,Marty,6,8
Center,Env58,Pectoral,Marty,7,9.333333333
Center,Env59,Pectoral,Marty,11,11
Center,Env61,Pectoral,Marty,10,11.33333333
Center,Env62,Pectoral,Marty,8,11.33333333
Center,Env63,Pectoral,Marty,8,9
Center,Env64,Pectoral,Marty,10,12
Center,Env66,Pectoral,Marty,4,4.333333333
Center,Env71,Pectoral,Marty,10,11
Center,Env72,Pectoral,Marty,12,12
Center,Env73,Pectoral,Marty,15,12.33333333
Center,Env74,Pectoral,Marty,,NA
Center,Env75,Pectoral,Marty,6,6.666666667
Center,Env79,Pectoral,Marty,7,10.33333333
Center,Env8,Pectoral,Marty,3,4.333333333
Center,Env83,Pectoral,Marty,7,11
Center,Env89,Pectoral,Marty,10,10.33333333
Silver,Env100,Pectoral,Marty,6,6.666666667
Silver,Env101,Pectoral,Marty,3,3.333333333
Silver,Env107,Pectoral,Marty,2,2
Silver,Env121,Pectoral,Marty,5,6
Silver,Env123,Pectoral,Marty,7,7.666666667
Silver,Env13,Pectoral,Marty,4,5
Silver,Env137,Pectoral,Marty,2,3
Silver,Env14,Pectoral,Marty,11,11.66666667
Silver,Env140,Pectoral,Marty,9,10.66666667
Silver,Env141,Pectoral,Marty,3,3.333333333
Silver,Env142,Pectoral,Marty,10,8.333333333
Silver,Env15,Pectoral,Marty,9,7.333333333
Silver,Env18,Pectoral,Marty,1,2.5
Silver,Env19,Pectoral,Marty,2,3
Silver,Env2,Pectoral,Marty,10,10
Silver,Env25,Pectoral,Marty,9,15
Silver,Env27,Pectoral,Marty,4,4.333333333
Silver,Env28,Pectoral,Marty,11,11.66666667
Silver,Env29,Pectoral,Marty,11,11
Silver,Env3,Pectoral,Marty,10,10
Silver,Env30,Pectoral,Marty,2,3.333333333
Silver,Env47,Pectoral,Marty,,NA
Silver,Env48,Pectoral,Marty,,NA
Silver,Env49,Pectoral,Marty,2,2.333333333
Silver,Env53,Pectoral,Marty,12,12.33333333
Silver,Env55,Pectoral,Marty,5,4.333333333
Silver,Env6,Pectoral,Marty,3,3.333333333
Silver,Env60,Pectoral,Marty,3,3
Silver,Env61,Pectoral,Marty,10,10
Silver,Env63,Pectoral,Marty,3,3.333333333
Silver,Env66,Pectoral,Marty,12,13.33333333
Silver,Env67,Pectoral,Marty,3,3.333333333
Silver,Env82,Pectoral,Marty,3,3.333333333
Silver,Env84,Pectoral,Marty,3,3
Silver,Env87,Pectoral,Marty,4,3.666666667
Silver,Env89,Pectoral,Marty,7,6.666666667
Silver,Env93,Pectoral,Marty,,NA
Silver,Env94,Pectoral,Marty,10,9.333333333
Silver,Env97,Pectoral,Marty,7,8.666666667
Silver,Env99,Pectoral,Marty,8,8.666666667
5 Island,Env105,SectOtolith,Marcus,12,12
5 Island,Env106,SectOtolith,Marcus,17,13
5 Island,Env112,SectOtolith,Marcus,10,9
5 Island,Env117,SectOtolith,Marcus,13,10.33333333
5 Island,Env119,SectOtolith,Marcus,13,10
5 Island,Env131,SectOtolith,Marcus,13,10.66666667
5 Island,Env132,SectOtolith,Marcus,4,4.666666667
5 Island,Env135,SectOtolith,Marcus,12,9.666666667
5 Island,Env137,SectOtolith,Marcus,14,12.33333333
5 Island,Env146,SectOtolith,Marcus,14,11
5 Island,Env149,SectOtolith,Marcus,16,15.33333333
5 Island,Env156,SectOtolith,Marcus,14,7.666666667
5 Island,Env157,SectOtolith,Marcus,16,12.66666667
5 Island,Env161,SectOtolith,Marcus,14,12.33333333
5 Island,Env164,SectOtolith,Marcus,10,6.666666667
5 Island,Env167,SectOtolith,Marcus,15,11
5 Island,Env168,SectOtolith,Marcus,6,5
5 Island,Env169,SectOtolith,Marcus,5,4.333333333
5 Island,Env172,SectOtolith,Marcus,4,3.666666667
5 Island,Env176,SectOtolith,Marcus,,7
5 Island,Env182,SectOtolith,Marcus,9,8.666666667
5 Island,Env183,SectOtolith,Marcus,6,5.666666667
5 Island,Env189,SectOtolith,Marcus,12,10.33333333
5 Island,Env235,SectOtolith,Marcus,10,8
5 Island,Env236,SectOtolith,Marcus,12,9.333333333
5 Island,Env244,SectOtolith,Marcus,16,16.33333333
5 Island,Env246,SectOtolith,Marcus,4,3
5 Island,Env247,SectOtolith,Marcus,14,12
5 Island,Env249,SectOtolith,Marcus,3,4.333333333
5 Island,Env250,SectOtolith,Marcus,,NA
5 Island,Env254,SectOtolith,Marcus,3,2.666666667
5 Island,Env256,SectOtolith,Marcus,5,4
5 Island,Env259,SectOtolith,Marcus,5,5
5 Island,Env265,SectOtolith,Marcus,3,5
5 Island,Env268,SectOtolith,Marcus,10,8.333333333
Center,Env101,SectOtolith,Marcus,9,8
Center,Env11,SectOtolith,Marcus,7,6.333333333
Center,Env113,SectOtolith,Marcus,5,4.333333333
Center,Env131,SectOtolith,Marcus,4,3.666666667
Center,Env19,SectOtolith,Marcus,5,6.666666667
Center,Env23,SectOtolith,Marcus,5,4
Center,Env3,SectOtolith,Marcus,5,4.333333333
Center,Env36,SectOtolith,Marcus,4,4.666666667
Center,Env39,SectOtolith,Marcus,6,5.333333333
Center,Env44,SectOtolith,Marcus,5,4.333333333
Center,Env45,SectOtolith,Marcus,4,4.333333333
Center,Env5,SectOtolith,Marcus,4,5
Center,Env51,SectOtolith,Marcus,5,4
Center,Env52,SectOtolith,Marcus,8,7
Center,Env58,SectOtolith,Marcus,11,10.33333333
Center,Env59,SectOtolith,Marcus,13,12
Center,Env61,SectOtolith,Marcus,9,8
Center,Env62,SectOtolith,Marcus,12,11
Center,Env63,SectOtolith,Marcus,12,10
Center,Env64,SectOtolith,Marcus,13,10.66666667
Center,Env66,SectOtolith,Marcus,5,3.666666667
Center,Env71,SectOtolith,Marcus,10,9.666666667
Center,Env72,SectOtolith,Marcus,7,7.333333333
Center,Env73,SectOtolith,Marcus,7,10.33333333
Center,Env74,SectOtolith,Marcus,8,7.666666667
Center,Env75,SectOtolith,Marcus,9,6.333333333
Center,Env79,SectOtolith,Marcus,7,8
Center,Env8,SectOtolith,Marcus,6,5.5
Center,Env83,SectOtolith,Marcus,,7.5
Center,Env89,SectOtolith,Marcus,14,13
Silver,Env100,SectOtolith,Marcus,6,5.333333333
Silver,Env101,SectOtolith,Marcus,4,4
Silver,Env107,SectOtolith,Marcus,5,4.666666667
Silver,Env121,SectOtolith,Marcus,7,4.666666667
Silver,Env123,SectOtolith,Marcus,13,12
Silver,Env13,SectOtolith,Marcus,7,4.666666667
Silver,Env137,SectOtolith,Marcus,,3.5
Silver,Env14,SectOtolith,Marcus,10,8
Silver,Env140,SectOtolith,Marcus,10,8.333333333
Silver,Env141,SectOtolith,Marcus,,3
Silver,Env142,SectOtolith,Marcus,9,7
Silver,Env15,SectOtolith,Marcus,11,10.66666667
Silver,Env18,SectOtolith,Marcus,3,3
Silver,Env19,SectOtolith,Marcus,4,2.666666667
Silver,Env2,SectOtolith,Marcus,,NA
Silver,Env25,SectOtolith,Marcus,16,12.33333333
Silver,Env27,SectOtolith,Marcus,4,3.666666667
Silver,Env28,SectOtolith,Marcus,13,11
Silver,Env29,SectOtolith,Marcus,10,11.66666667
Silver,Env3,SectOtolith,Marcus,12,8.333333333
Silver,Env30,SectOtolith,Marcus,4,5
Silver,Env47,SectOtolith,Marcus,2,2.333333333
Silver,Env48,SectOtolith,Marcus,3,3.333333333
Silver,Env49,SectOtolith,Marcus,4,4
Silver,Env53,SectOtolith,Marcus,9,8
Silver,Env55,SectOtolith,Marcus,5,5
Silver,Env6,SectOtolith,Marcus,,NA
Silver,Env60,SectOtolith,Marcus,,NA
Silver,Env61,SectOtolith,Marcus,6,5
Silver,Env63,SectOtolith,Marcus,6,4.666666667
Silver,Env66,SectOtolith,Marcus,13,8.666666667
Silver,Env67,SectOtolith,Marcus,5,3.666666667
Silver,Env82,SectOtolith,Marcus,3,2.666666667
Silver,Env84,SectOtolith,Marcus,5,3.333333333
Silver,Env87,SectOtolith,Marcus,6,4
Silver,Env89,SectOtolith,Marcus,4,3.666666667
Silver,Env93,SectOtolith,Marcus,5,5
Silver,Env94,SectOtolith,Marcus,6,7
Silver,Env97,SectOtolith,Marcus,14,10.66666667
Silver,Env99,SectOtolith,Marcus,12,12.33333333
5 Island,Env105,SectOtolith,Drake,13,12
5 Island,Env106,SectOtolith,Drake,12,13
5 Island,Env112,SectOtolith,Drake,9,9
5 Island,Env117,SectOtolith,Drake,8,10.33333333
5 Island,Env119,SectOtolith,Drake,9,10
5 Island,Env131,SectOtolith,Drake,12,10.66666667
5 Island,Env132,SectOtolith,Drake,6,4.666666667
5 Island,Env135,SectOtolith,Drake,9,9.666666667
5 Island,Env137,SectOtolith,Drake,10,12.33333333
5 Island,Env146,SectOtolith,Drake,10,11
5 Island,Env149,SectOtolith,Drake,16,15.33333333
5 Island,Env156,SectOtolith,Drake,5,7.666666667
5 Island,Env157,SectOtolith,Drake,12,12.66666667
5 Island,Env161,SectOtolith,Drake,13,12.33333333
5 Island,Env164,SectOtolith,Drake,5,6.666666667
5 Island,Env167,SectOtolith,Drake,12,11
5 Island,Env168,SectOtolith,Drake,4,5
5 Island,Env169,SectOtolith,Drake,5,4.333333333
5 Island,Env172,SectOtolith,Drake,3,3.666666667
5 Island,Env176,SectOtolith,Drake,8,7
5 Island,Env182,SectOtolith,Drake,9,8.666666667
5 Island,Env183,SectOtolith,Drake,5,5.666666667
5 Island,Env189,SectOtolith,Drake,7,10.33333333
5 Island,Env235,SectOtolith,Drake,5,8
5 Island,Env236,SectOtolith,Drake,8,9.333333333
5 Island,Env244,SectOtolith,Drake,15,16.33333333
5 Island,Env246,SectOtolith,Drake,2,3
5 Island,Env247,SectOtolith,Drake,10,12
5 Island,Env249,SectOtolith,Drake,6,4.333333333
5 Island,Env250,SectOtolith,Drake,,NA
5 Island,Env254,SectOtolith,Drake,3,2.666666667
5 Island,Env256,SectOtolith,Drake,4,4
5 Island,Env259,SectOtolith,Drake,5,5
5 Island,Env265,SectOtolith,Drake,8,5
5 Island,Env268,SectOtolith,Drake,8,8.333333333
Center,Env101,SectOtolith,Drake,9,8
Center,Env11,SectOtolith,Drake,5,6.333333333
Center,Env113,SectOtolith,Drake,4,4.333333333
Center,Env131,SectOtolith,Drake,4,3.666666667
Center,Env19,SectOtolith,Drake,8,6.666666667
Center,Env23,SectOtolith,Drake,3,4
Center,Env3,SectOtolith,Drake,3,4.333333333
Center,Env36,SectOtolith,Drake,6,4.666666667
Center,Env39,SectOtolith,Drake,5,5.333333333
Center,Env44,SectOtolith,Drake,4,4.333333333
Center,Env45,SectOtolith,Drake,3,4.333333333
Center,Env5,SectOtolith,Drake,5,5
Center,Env51,SectOtolith,Drake,3,4
Center,Env52,SectOtolith,Drake,5,7
Center,Env58,SectOtolith,Drake,8,10.33333333
Center,Env59,SectOtolith,Drake,11,12
Center,Env61,SectOtolith,Drake,7,8
Center,Env62,SectOtolith,Drake,12,11
Center,Env63,SectOtolith,Drake,9,10
Center,Env64,SectOtolith,Drake,9,10.66666667
Center,Env66,SectOtolith,Drake,3,3.666666667
Center,Env71,SectOtolith,Drake,8,9.666666667
Center,Env72,SectOtolith,Drake,8,7.333333333
Center,Env73,SectOtolith,Drake,10,10.33333333
Center,Env74,SectOtolith,Drake,7,7.666666667
Center,Env75,SectOtolith,Drake,5,6.333333333
Center,Env79,SectOtolith,Drake,8,8
Center,Env8,SectOtolith,Drake,5,5.5
Center,Env83,SectOtolith,Drake,6,7.5
Center,Env89,SectOtolith,Drake,11,13
Silver,Env100,SectOtolith,Drake,5,5.333333333
Silver,Env101,SectOtolith,Drake,4,4
Silver,Env107,SectOtolith,Drake,5,4.666666667
Silver,Env121,SectOtolith,Drake,3,4.666666667
Silver,Env123,SectOtolith,Drake,9,12
Silver,Env13,SectOtolith,Drake,5,4.666666667
Silver,Env137,SectOtolith,Drake,3,3.5
Silver,Env14,SectOtolith,Drake,6,8
Silver,Env140,SectOtolith,Drake,6,8.333333333
Silver,Env141,SectOtolith,Drake,3,3
Silver,Env142,SectOtolith,Drake,5,7
Silver,Env15,SectOtolith,Drake,10,10.66666667
Silver,Env18,SectOtolith,Drake,4,3
Silver,Env19,SectOtolith,Drake,2,2.666666667
Silver,Env2,SectOtolith,Drake,,NA
Silver,Env25,SectOtolith,Drake,11,12.33333333
Silver,Env27,SectOtolith,Drake,3,3.666666667
Silver,Env28,SectOtolith,Drake,7,11
Silver,Env29,SectOtolith,Drake,10,11.66666667
Silver,Env3,SectOtolith,Drake,4,8.333333333
Silver,Env30,SectOtolith,Drake,8,5
Silver,Env47,SectOtolith,Drake,2,2.333333333
Silver,Env48,SectOtolith,Drake,3,3.333333333
Silver,Env49,SectOtolith,Drake,4,4
Silver,Env53,SectOtolith,Drake,5,8
Silver,Env55,SectOtolith,Drake,6,5
Silver,Env6,SectOtolith,Drake,,NA
Silver,Env60,SectOtolith,Drake,,NA
Silver,Env61,SectOtolith,Drake,6,5
Silver,Env63,SectOtolith,Drake,5,4.666666667
Silver,Env66,SectOtolith,Drake,6,8.666666667
Silver,Env67,SectOtolith,Drake,3,3.666666667
Silver,Env82,SectOtolith,Drake,2,2.666666667
Silver,Env84,SectOtolith,Drake,2,3.333333333
Silver,Env87,SectOtolith,Drake,3,4
Silver,Env89,SectOtolith,Drake,3,3.666666667
Silver,Env93,SectOtolith,Drake,4,5
Silver,Env94,SectOtolith,Drake,7,7
Silver,Env97,SectOtolith,Drake,11,10.66666667
Silver,Env99,SectOtolith,Drake,12,12.33333333
5 Island,Env105,SectOtolith,Marty,11,12
5 Island,Env106,SectOtolith,Marty,10,13
5 Island,Env112,SectOtolith,Marty,8,9
5 Island,Env117,SectOtolith,Marty,10,10.33333333
5 Island,Env119,SectOtolith,Marty,8,10
5 Island,Env131,SectOtolith,Marty,7,10.66666667
5 Island,Env132,SectOtolith,Marty,4,4.666666667
5 Island,Env135,SectOtolith,Marty,8,9.666666667
5 Island,Env137,SectOtolith,Marty,13,12.33333333
5 Island,Env146,SectOtolith,Marty,9,11
5 Island,Env149,SectOtolith,Marty,14,15.33333333
5 Island,Env156,SectOtolith,Marty,4,7.666666667
5 Island,Env157,SectOtolith,Marty,10,12.66666667
5 Island,Env161,SectOtolith,Marty,10,12.33333333
5 Island,Env164,SectOtolith,Marty,5,6.666666667
5 Island,Env167,SectOtolith,Marty,6,11
5 Island,Env168,SectOtolith,Marty,5,5
5 Island,Env169,SectOtolith,Marty,3,4.333333333
5 Island,Env172,SectOtolith,Marty,4,3.666666667
5 Island,Env176,SectOtolith,Marty,6,7
5 Island,Env182,SectOtolith,Marty,8,8.666666667
5 Island,Env183,SectOtolith,Marty,6,5.666666667
5 Island,Env189,SectOtolith,Marty,12,10.33333333
5 Island,Env235,SectOtolith,Marty,9,8
5 Island,Env236,SectOtolith,Marty,8,9.333333333
5 Island,Env244,SectOtolith,Marty,18,16.33333333
5 Island,Env246,SectOtolith,Marty,3,3
5 Island,Env247,SectOtolith,Marty,12,12
5 Island,Env249,SectOtolith,Marty,4,4.333333333
5 Island,Env250,SectOtolith,Marty,,NA
5 Island,Env254,SectOtolith,Marty,2,2.666666667
5 Island,Env256,SectOtolith,Marty,3,4
5 Island,Env259,SectOtolith,Marty,5,5
5 Island,Env265,SectOtolith,Marty,4,5
5 Island,Env268,SectOtolith,Marty,7,8.333333333
Center,Env101,SectOtolith,Marty,6,8
Center,Env11,SectOtolith,Marty,7,6.333333333
Center,Env113,SectOtolith,Marty,4,4.333333333
Center,Env131,SectOtolith,Marty,3,3.666666667
Center,Env19,SectOtolith,Marty,7,6.666666667
Center,Env23,SectOtolith,Marty,4,4
Center,Env3,SectOtolith,Marty,5,4.333333333
Center,Env36,SectOtolith,Marty,4,4.666666667
Center,Env39,SectOtolith,Marty,5,5.333333333
Center,Env44,SectOtolith,Marty,4,4.333333333
Center,Env45,SectOtolith,Marty,6,4.333333333
Center,Env5,SectOtolith,Marty,6,5
Center,Env51,SectOtolith,Marty,4,4
Center,Env52,SectOtolith,Marty,8,7
Center,Env58,SectOtolith,Marty,12,10.33333333
Center,Env59,SectOtolith,Marty,12,12
Center,Env61,SectOtolith,Marty,8,8
Center,Env62,SectOtolith,Marty,9,11
Center,Env63,SectOtolith,Marty,9,10
Center,Env64,SectOtolith,Marty,10,10.66666667
Center,Env66,SectOtolith,Marty,3,3.666666667
Center,Env71,SectOtolith,Marty,11,9.666666667
Center,Env72,SectOtolith,Marty,7,7.333333333
Center,Env73,SectOtolith,Marty,14,10.33333333
Center,Env74,SectOtolith,Marty,8,7.666666667
Center,Env75,SectOtolith,Marty,5,6.333333333
Center,Env79,SectOtolith,Marty,9,8
Center,Env8,SectOtolith,Marty,,5.5
Center,Env83,SectOtolith,Marty,9,7.5
Center,Env89,SectOtolith,Marty,14,13
Silver,Env100,SectOtolith,Marty,5,5.333333333
Silver,Env101,SectOtolith,Marty,4,4
Silver,Env107,SectOtolith,Marty,4,4.666666667
Silver,Env121,SectOtolith,Marty,4,4.666666667
Silver,Env123,SectOtolith,Marty,14,12
Silver,Env13,SectOtolith,Marty,2,4.666666667
Silver,Env137,SectOtolith,Marty,4,3.5
Silver,Env14,SectOtolith,Marty,8,8
Silver,Env140,SectOtolith,Marty,9,8.333333333
Silver,Env141,SectOtolith,Marty,3,3
Silver,Env142,SectOtolith,Marty,7,7
Silver,Env15,SectOtolith,Marty,11,10.66666667
Silver,Env18,SectOtolith,Marty,2,3
Silver,Env19,SectOtolith,Marty,2,2.666666667
Silver,Env2,SectOtolith,Marty,,NA
Silver,Env25,SectOtolith,Marty,10,12.33333333
Silver,Env27,SectOtolith,Marty,4,3.666666667
Silver,Env28,SectOtolith,Marty,13,11
Silver,Env29,SectOtolith,Marty,15,11.66666667
Silver,Env3,SectOtolith,Marty,9,8.333333333
Silver,Env30,SectOtolith,Marty,3,5
Silver,Env47,SectOtolith,Marty,3,2.333333333
Silver,Env48,SectOtolith,Marty,4,3.333333333
Silver,Env49,SectOtolith,Marty,4,4
Silver,Env53,SectOtolith,Marty,10,8
Silver,Env55,SectOtolith,Marty,4,5
Silver,Env6,SectOtolith,Marty,,NA
Silver,Env60,SectOtolith,Marty,,NA
Silver,Env61,SectOtolith,Marty,3,5
Silver,Env63,SectOtolith,Marty,3,4.666666667
Silver,Env66,SectOtolith,Marty,7,8.666666667
Silver,Env67,SectOtolith,Marty,3,3.666666667
Silver,Env82,SectOtolith,Marty,3,2.666666667
Silver,Env84,SectOtolith,Marty,3,3.333333333
Silver,Env87,SectOtolith,Marty,3,4
Silver,Env89,SectOtolith,Marty,4,3.666666667
Silver,Env93,SectOtolith,Marty,6,5
Silver,Env94,SectOtolith,Marty,8,7
Silver,Env97,SectOtolith,Marty,7,10.66666667
Silver,Env99,SectOtolith,Marty,13,12.33333333
5 Island,Env105,SandOtolith,Marcus,,
5 Island,Env106,SandOtolith,Marcus,"Anything added past here needs to have the #DIV/0! Changed to NA. Also, probably remove all Nas",
5 Island,Env112,SandOtolith,Marcus,,
5 Island,Env117,SandOtolith,Marcus,,
5 Island,Env119,SandOtolith,Marcus,,
5 Island,Env131,SandOtolith,Marcus,,
5 Island,Env132,SandOtolith,Marcus,,
5 Island,Env135,SandOtolith,Marcus,,
5 Island,Env137,SandOtolith,Marcus,,
5 Island,Env146,SandOtolith,Marcus,,
5 Island,Env149,SandOtolith,Marcus,,
5 Island,Env156,SandOtolith,Marcus,,
5 Island,Env157,SandOtolith,Marcus,,
5 Island,Env161,SandOtolith,Marcus,,
5 Island,Env164,SandOtolith,Marcus,,
5 Island,Env167,SandOtolith,Marcus,,
5 Island,Env168,SandOtolith,Marcus,,
5 Island,Env169,SandOtolith,Marcus,,
5 Island,Env172,SandOtolith,Marcus,,
5 Island,Env176,SandOtolith,Marcus,,
5 Island,Env182,SandOtolith,Marcus,,
5 Island,Env183,SandOtolith,Marcus,,
5 Island,Env189,SandOtolith,Marcus,,
5 Island,Env235,SandOtolith,Marcus,,
5 Island,Env236,SandOtolith,Marcus,,
5 Island,Env244,SandOtolith,Marcus,,
5 Island,Env246,SandOtolith,Marcus,,
5 Island,Env247,SandOtolith,Marcus,,
5 Island,Env249,SandOtolith,Marcus,,
5 Island,Env250,SandOtolith,Marcus,,
5 Island,Env254,SandOtolith,Marcus,,
5 Island,Env256,SandOtolith,Marcus,,
5 Island,Env259,SandOtolith,Marcus,,
5 Island,Env265,SandOtolith,Marcus,,
5 Island,Env268,SandOtolith,Marcus,,
Center,Env101,SandOtolith,Marcus,,
Center,Env11,SandOtolith,Marcus,,
Center,Env113,SandOtolith,Marcus,,
Center,Env131,SandOtolith,Marcus,,
Center,Env19,SandOtolith,Marcus,,
Center,Env23,SandOtolith,Marcus,,
Center,Env3,SandOtolith,Marcus,,
Center,Env36,SandOtolith,Marcus,,
Center,Env39,SandOtolith,Marcus,,
Center,Env44,SandOtolith,Marcus,,
Center,Env45,SandOtolith,Marcus,,
Center,Env5,SandOtolith,Marcus,,
Center,Env51,SandOtolith,Marcus,,
Center,Env52,SandOtolith,Marcus,,
Center,Env58,SandOtolith,Marcus,,
Center,Env59,SandOtolith,Marcus,,
Center,Env61,SandOtolith,Marcus,,
Center,Env62,SandOtolith,Marcus,,
Center,Env63,SandOtolith,Marcus,,
Center,Env64,SandOtolith,Marcus,,
Center,Env66,SandOtolith,Marcus,,
Center,Env71,SandOtolith,Marcus,,
Center,Env72,SandOtolith,Marcus,,
Center,Env73,SandOtolith,Marcus,,
Center,Env74,SandOtolith,Marcus,,
Center,Env75,SandOtolith,Marcus,,
Center,Env79,SandOtolith,Marcus,,
Center,Env8,SandOtolith,Marcus,,
Center,Env83,SandOtolith,Marcus,,
Center,Env89,SandOtolith,Marcus,,
Silver,Env100,SandOtolith,Marcus,,
Silver,Env101,SandOtolith,Marcus,,
Silver,Env107,SandOtolith,Marcus,,
Silver,Env121,SandOtolith,Marcus,,
Silver,Env123,SandOtolith,Marcus,,
Silver,Env13,SandOtolith,Marcus,,
Silver,Env137,SandOtolith,Marcus,,
Silver,Env14,SandOtolith,Marcus,,
Silver,Env140,SandOtolith,Marcus,,
Silver,Env141,SandOtolith,Marcus,,
Silver,Env142,SandOtolith,Marcus,,
Silver,Env15,SandOtolith,Marcus,,
Silver,Env18,SandOtolith,Marcus,,
Silver,Env19,SandOtolith,Marcus,,
Silver,Env2,SandOtolith,Marcus,,
Silver,Env25,SandOtolith,Marcus,,
Silver,Env27,SandOtolith,Marcus,,
Silver,Env28,SandOtolith,Marcus,,
Silver,Env29,SandOtolith,Marcus,,
Silver,Env3,SandOtolith,Marcus,,
Silver,Env30,SandOtolith,Marcus,,
Silver,Env47,SandOtolith,Marcus,,
Silver,Env48,SandOtolith,Marcus,,
Silver,Env49,SandOtolith,Marcus,,
Silver,Env53,SandOtolith,Marcus,,
Silver,Env55,SandOtolith,Marcus,,
Silver,Env6,SandOtolith,Marcus,,
Silver,Env60,SandOtolith,Marcus,,
Silver,Env61,SandOtolith,Marcus,,
Silver,Env63,SandOtolith,Marcus,,
Silver,Env66,SandOtolith,Marcus,,
Silver,Env67,SandOtolith,Marcus,,
Silver,Env82,SandOtolith,Marcus,,
Silver,Env84,SandOtolith,Marcus,,
Silver,Env87,SandOtolith,Marcus,,
Silver,Env89,SandOtolith,Marcus,,
Silver,Env93,SandOtolith,Marcus,,
Silver,Env94,SandOtolith,Marcus,,
Silver,Env97,SandOtolith,Marcus,,
Silver,Env99,SandOtolith,Marcus,,
5 Island,Env105,SandOtolith,Drake,,
5 Island,Env106,SandOtolith,Drake,,
5 Island,Env112,SandOtolith,Drake,,
5 Island,Env117,SandOtolith,Drake,,
5 Island,Env119,SandOtolith,Drake,,
5 Island,Env131,SandOtolith,Drake,,
5 Island,Env132,SandOtolith,Drake,,
5 Island,Env135,SandOtolith,Drake,,
5 Island,Env137,SandOtolith,Drake,,
5 Island,Env146,SandOtolith,Drake,,
5 Island,Env149,SandOtolith,Drake,,
5 Island,Env156,SandOtolith,Drake,,
5 Island,Env157,SandOtolith,Drake,,
5 Island,Env161,SandOtolith,Drake,,
5 Island,Env164,SandOtolith,Drake,,
5 Island,Env167,SandOtolith,Drake,,
5 Island,Env168,SandOtolith,Drake,,
5 Island,Env169,SandOtolith,Drake,,
5 Island,Env172,SandOtolith,Drake,,
5 Island,Env176,SandOtolith,Drake,,
5 Island,Env182,SandOtolith,Drake,,
5 Island,Env183,SandOtolith,Drake,,
5 Island,Env189,SandOtolith,Drake,,
5 Island,Env235,SandOtolith,Drake,,
5 Island,Env236,SandOtolith,Drake,,
5 Island,Env244,SandOtolith,Drake,,
5 Island,Env246,SandOtolith,Drake,,
5 Island,Env247,SandOtolith,Drake,,
5 Island,Env249,SandOtolith,Drake,,
5 Island,Env250,SandOtolith,Drake,,
5 Island,Env254,SandOtolith,Drake,,
5 Island,Env256,SandOtolith,Drake,,
5 Island,Env259,SandOtolith,Drake,,
5 Island,Env265,SandOtolith,Drake,,
5 Island,Env268,SandOtolith,Drake,,
Center,Env101,SandOtolith,Drake,,
Center,Env11,SandOtolith,Drake,,
Center,Env113,SandOtolith,Drake,,
Center,Env131,SandOtolith,Drake,,
Center,Env19,SandOtolith,Drake,,
Center,Env23,SandOtolith,Drake,,
Center,Env3,SandOtolith,Drake,,
Center,Env36,SandOtolith,Drake,,
Center,Env39,SandOtolith,Drake,,
Center,Env44,SandOtolith,Drake,,
Center,Env45,SandOtolith,Drake,,
Center,Env5,SandOtolith,Drake,,
Center,Env51,SandOtolith,Drake,,
Center,Env52,SandOtolith,Drake,,
Center,Env58,SandOtolith,Drake,,
Center,Env59,SandOtolith,Drake,,
Center,Env61,SandOtolith,Drake,,
Center,Env62,SandOtolith,Drake,,
Center,Env63,SandOtolith,Drake,,
Center,Env64,SandOtolith,Drake,,
Center,Env66,SandOtolith,Drake,,
Center,Env71,SandOtolith,Drake,,
Center,Env72,SandOtolith,Drake,,
Center,Env73,SandOtolith,Drake,,
Center,Env74,SandOtolith,Drake,,
Center,Env75,SandOtolith,Drake,,
Center,Env79,SandOtolith,Drake,,
Center,Env8,SandOtolith,Drake,,
Center,Env83,SandOtolith,Drake,,
Center,Env89,SandOtolith,Drake,,
Silver,Env100,SandOtolith,Drake,,
Silver,Env101,SandOtolith,Drake,,
Silver,Env107,SandOtolith,Drake,,
Silver,Env121,SandOtolith,Drake,,
Silver,Env123,SandOtolith,Drake,,
Silver,Env13,SandOtolith,Drake,,
Silver,Env137,SandOtolith,Drake,,
Silver,Env14,SandOtolith,Drake,,
Silver,Env140,SandOtolith,Drake,,
Silver,Env141,SandOtolith,Drake,,
Silver,Env142,SandOtolith,Drake,,
Silver,Env15,SandOtolith,Drake,,
Silver,Env18,SandOtolith,Drake,,
Silver,Env19,SandOtolith,Drake,,
Silver,Env2,SandOtolith,Drake,,
Silver,Env25,SandOtolith,Drake,,
Silver,Env27,SandOtolith,Drake,,
Silver,Env28,SandOtolith,Drake,,
Silver,Env29,SandOtolith,Drake,,
Silver,Env3,SandOtolith,Drake,,
Silver,Env30,SandOtolith,Drake,,
Silver,Env47,SandOtolith,Drake,,
Silver,Env48,SandOtolith,Drake,,
Silver,Env49,SandOtolith,Drake,,
Silver,Env53,SandOtolith,Drake,,
Silver,Env55,SandOtolith,Drake,,
Silver,Env6,SandOtolith,Drake,,
Silver,Env60,SandOtolith,Drake,,
Silver,Env61,SandOtolith,Drake,,
Silver,Env63,SandOtolith,Drake,,
Silver,Env66,SandOtolith,Drake,,
Silver,Env67,SandOtolith,Drake,,
Silver,Env82,SandOtolith,Drake,,
Silver,Env84,SandOtolith,Drake,,
Silver,Env87,SandOtolith,Drake,,
Silver,Env89,SandOtolith,Drake,,
Silver,Env93,SandOtolith,Drake,,
Silver,Env94,SandOtolith,Drake,,
Silver,Env97,SandOtolith,Drake,,
Silver,Env99,SandOtolith,Drake,,
5 Island,Env105,SandOtolith,Marty,,
5 Island,Env106,SandOtolith,Marty,,
5 Island,Env112,SandOtolith,Marty,,
5 Island,Env117,SandOtolith,Marty,,
5 Island,Env119,SandOtolith,Marty,,
5 Island,Env131,SandOtolith,Marty,,
5 Island,Env132,SandOtolith,Marty,,
5 Island,Env135,SandOtolith,Marty,,
5 Island,Env137,SandOtolith,Marty,,
5 Island,Env146,SandOtolith,Marty,,
5 Island,Env149,SandOtolith,Marty,,
5 Island,Env156,SandOtolith,Marty,,
5 Island,Env157,SandOtolith,Marty,,
5 Island,Env161,SandOtolith,Marty,,
5 Island,Env164,SandOtolith,Marty,,
5 Island,Env167,SandOtolith,Marty,,
5 Island,Env168,SandOtolith,Marty,,
5 Island,Env169,SandOtolith,Marty,,
5 Island,Env172,SandOtolith,Marty,,
5 Island,Env176,SandOtolith,Marty,,
5 Island,Env182,SandOtolith,Marty,,
5 Island,Env183,SandOtolith,Marty,,
5 Island,Env189,SandOtolith,Marty,,
5 Island,Env235,SandOtolith,Marty,,
5 Island,Env236,SandOtolith,Marty,,
5 Island,Env244,SandOtolith,Marty,,
5 Island,Env246,SandOtolith,Marty,,
5 Island,Env247,SandOtolith,Marty,,
5 Island,Env249,SandOtolith,Marty,,
5 Island,Env250,SandOtolith,Marty,,
5 Island,Env254,SandOtolith,Marty,,
5 Island,Env256,SandOtolith,Marty,,
5 Island,Env259,SandOtolith,Marty,,
5 Island,Env265,SandOtolith,Marty,,
5 Island,Env268,SandOtolith,Marty,,
Center,Env101,SandOtolith,Marty,,
Center,Env11,SandOtolith,Marty,,
Center,Env113,SandOtolith,Marty,,
Center,Env131,SandOtolith,Marty,,
Center,Env19,SandOtolith,Marty,,
Center,Env23,SandOtolith,Marty,,
Center,Env3,SandOtolith,Marty,,
Center,Env36,SandOtolith,Marty,,
Center,Env39,SandOtolith,Marty,,
Center,Env44,SandOtolith,Marty,,
Center,Env45,SandOtolith,Marty,,
Center,Env5,SandOtolith,Marty,,
Center,Env51,SandOtolith,Marty,,
Center,Env52,SandOtolith,Marty,,
Center,Env58,SandOtolith,Marty,,
Center,Env59,SandOtolith,Marty,,
Center,Env61,SandOtolith,Marty,,
Center,Env62,SandOtolith,Marty,,
Center,Env63,SandOtolith,Marty,,
Center,Env64,SandOtolith,Marty,,
Center,Env66,SandOtolith,Marty,,
Center,Env71,SandOtolith,Marty,,
Center,Env72,SandOtolith,Marty,,
Center,Env73,SandOtolith,Marty,,
Center,Env74,SandOtolith,Marty,,
Center,Env75,SandOtolith,Marty,,
Center,Env79,SandOtolith,Marty,,
Center,Env8,SandOtolith,Marty,,
Center,Env83,SandOtolith,Marty,,
Center,Env89,SandOtolith,Marty,,
Silver,Env100,SandOtolith,Marty,,
Silver,Env101,SandOtolith,Marty,,
Silver,Env107,SandOtolith,Marty,,
Silver,Env121,SandOtolith,Marty,,
Silver,Env123,SandOtolith,Marty,,
Silver,Env13,SandOtolith,Marty,,
Silver,Env137,SandOtolith,Marty,,
Silver,Env14,SandOtolith,Marty,,
Silver,Env140,SandOtolith,Marty,,
Silver,Env141,SandOtolith,Marty,,
Silver,Env142,SandOtolith,Marty,,
Silver,Env15,SandOtolith,Marty,,
Silver,Env18,SandOtolith,Marty,,
Silver,Env19,SandOtolith,Marty,,
Silver,Env2,SandOtolith,Marty,,
Silver,Env25,SandOtolith,Marty,,
Silver,Env27,SandOtolith,Marty,,
Silver,Env28,SandOtolith,Marty,,
Silver,Env29,SandOtolith,Marty,,
Silver,Env3,SandOtolith,Marty,,
Silver,Env30,SandOtolith,Marty,,
Silver,Env47,SandOtolith,Marty,,
Silver,Env48,SandOtolith,Marty,,
Silver,Env49,SandOtolith,Marty,,
Silver,Env53,SandOtolith,Marty,,
Silver,Env55,SandOtolith,Marty,,
Silver,Env6,SandOtolith,Marty,,
Silver,Env60,SandOtolith,Marty,,
Silver,Env61,SandOtolith,Marty,,
Silver,Env63,SandOtolith,Marty,,
Silver,Env66,SandOtolith,Marty,,
Silver,Env67,SandOtolith,Marty,,
Silver,Env82,SandOtolith,Marty,,
Silver,Env84,SandOtolith,Marty,,
Silver,Env87,SandOtolith,Marty,,
Silver,Env89,SandOtolith,Marty,,
Silver,Env93,SandOtolith,Marty,,
Silver,Env94,SandOtolith,Marty,,
Silver,Env97,SandOtolith,Marty,,
Silver,Env99,SandOtolith,Marty,,
